transaction_id,user_id,amount,timestamp,location,device,transaction_type,merchant_category,is_fraud,rule_score,rule_risk,rule_flags,ml_is_anomaly,ml_anomaly_score,final_risk,combined_score,hour
70036800-7ED,USR0028,181060.93,2026-02-19 17:01:49,Delhi,iPad Air,NEFT,Crypto Exchange,1,50,Medium,"High-value transaction (₹181,061) | Risky merchant category: Crypto Exchange",0,48.7,Medium,49.5,17
15978894-CC7,USR0028,9224.67,2026-02-19 20:07:49,Hyderabad,Unknown Device,Card Payment,Dining,1,20,Low,Suspicious device: Unknown Device,0,47.5,Medium,31.0,20
7493DFA6-081,USR0024,1331.29,2026-02-20 00:09:49,Ahmedabad,OnePlus 11,RTGS,Dining,0,10,Low,Off-hours transaction (00:00),0,54.2,Medium,27.7,0
B67293BA-5E9,USR0025,153309.12,2026-02-20 00:31:49,Jaipur,Pixel 7,RTGS,Unknown Merchant,1,60,High,"High-value transaction (₹153,309) | Risky merchant category: Unknown Merchant | Off-hours transaction (00:00)",0,45.4,High,54.2,0
1F53666C-D97,USR0024,11069.32,2026-02-20 01:47:49,Bangalore,iPhone 14,Card Payment,Electronics,0,10,Low,Off-hours transaction (01:00),0,48.5,Medium,25.4,1
B49CE9DB-0CD,USR0021,30298.64,2026-02-20 03:32:49,Unknown,Windows PC,IMPS,Utilities,1,35,Medium,Suspicious location: Unknown | Off-hours transaction (03:00),1,57.2,Medium,43.9,3
722F1C1F-275,USR0039,471089.47,2026-02-20 10:04:49,Delhi,MacBook Pro,IMPS,Travel,1,35,Medium,"High-value transaction (₹471,089)",0,39.7,Medium,36.9,10
786FE541-8A6,USR0035,79391.04,2026-02-20 10:59:49,Chennai,Windows PC,NEFT,Unknown Merchant,1,50,Medium,"High-value transaction (₹79,391) | Risky merchant category: Unknown Merchant",0,39.9,Medium,46.0,10
11CA45C6-ABB,USR0028,142240.34,2026-02-20 11:46:49,Ahmedabad,MacBook Pro,UPI Transfer,Crypto Exchange,1,50,Medium,"High-value transaction (₹142,240) | Risky merchant category: Crypto Exchange",1,62.0,Medium,54.8,11
744ED88E-AA8,USR0039,136728.77,2026-02-20 13:15:49,Chennai,MacBook Pro,Wallet Transfer,Unknown Merchant,1,50,Medium,"High-value transaction (₹136,729) | Risky merchant category: Unknown Merchant",1,60.0,Medium,54.0,13
0EA34DA4-837,USR0043,148972.46,2026-02-20 13:38:49,Bangalore,Windows PC,UPI Transfer,Crypto Exchange,1,50,Medium,"High-value transaction (₹148,972) | Risky merchant category: Crypto Exchange",0,47.4,Medium,49.0,13
65B15E3B-A4D,USR0035,22383.31,2026-02-20 23:29:49,Chennai,OnePlus 11,UPI Transfer,Unknown Merchant,1,15,Low,Risky merchant category: Unknown Merchant,1,60.2,Medium,33.1,23
E2B85C0E-855,USR0047,13818.78,2026-02-20 23:49:49,Ahmedabad,Windows PC,RTGS,Luxury Goods,0,0,Low,No anomalies detected,0,47.9,Medium,19.2,23
75C48C68-DEF,USR0013,69917.42,2026-02-21 00:13:49,VPN-Detected,Pixel 7,IMPS,Luxury Goods,1,70,High,"High-value transaction (₹69,917) | Suspicious location: VPN-Detected | Off-hours transaction (00:00)",1,58.5,High,65.4,0
6FDCCFF5-4F8,USR0024,8765.95,2026-02-21 00:44:49,Ahmedabad,Pixel 7,Wallet Transfer,Travel,0,10,Low,Off-hours transaction (00:00),0,53.9,Medium,27.6,0
1D75D495-74A,USR0032,10090.43,2026-02-21 03:02:49,Ahmedabad,Pixel 7,Card Payment,Dining,0,10,Low,Off-hours transaction (03:00),1,56.4,Medium,28.6,3
BE7C13C5-C4B,USR0043,14031.14,2026-02-21 05:07:49,Mumbai,OnePlus 11,Wallet Transfer,Electronics,0,10,Low,Off-hours transaction (05:00),0,50.4,Medium,26.2,5
B81AD5A7-01C,USR0042,4111.77,2026-02-21 06:09:49,Chennai,MacBook Pro,RTGS,Utilities,0,0,Low,No anomalies detected,0,49.2,Medium,19.7,6
1459CAAC-745,USR0007,8114.65,2026-02-21 07:19:49,Ahmedabad,MacBook Pro,UPI Transfer,Luxury Goods,0,0,Low,No anomalies detected,0,45.1,Medium,18.0,7
2967BA45-B8F,USR0018,13377.64,2026-02-21 09:55:49,Delhi,OnePlus 11,Card Payment,Utilities,0,0,Low,No anomalies detected,1,57.7,Medium,23.1,9
8B8C4872-737,USR0038,9354.77,2026-02-21 11:34:49,Pune,Windows PC,Card Payment,Utilities,0,0,Low,No anomalies detected,0,50.9,Medium,20.4,11
B88DD71E-7B5,USR0013,797.2,2026-02-21 12:33:49,Chennai,Windows PC,UPI Transfer,Electronics,0,0,Low,No anomalies detected,1,60.9,Medium,24.4,12
2BE870C5-A7B,USR0020,12722.07,2026-02-21 14:14:49,Pune,MacBook Pro,IMPS,Travel,0,0,Low,No anomalies detected,0,53.4,Medium,21.4,14
DE4B063B-257,USR0014,9790.84,2026-02-21 14:47:49,Unknown,Samsung Galaxy S23,Card Payment,Travel,1,25,Low,Suspicious location: Unknown,0,49.7,Medium,34.9,14
0AD90649-546,USR0023,10725.12,2026-02-21 21:08:49,Ahmedabad,Samsung Galaxy S23,Wallet Transfer,Luxury Goods,0,0,Low,No anomalies detected,1,56.3,Medium,22.5,21
A0F11C20-4C0,USR0008,9096.48,2026-02-21 21:11:49,Delhi,iPad Air,UPI Transfer,Dining,0,0,Low,No anomalies detected,1,57.7,Medium,23.1,21
DEF74CCE-4CB,USR0007,13994.2,2026-02-21 21:41:49,Delhi,Windows PC,RTGS,Electronics,0,0,Low,No anomalies detected,0,51.1,Medium,20.4,21
067037F5-E60,USR0011,4171.46,2026-02-21 21:45:49,Ahmedabad,MacBook Pro,NEFT,Dining,0,0,Low,No anomalies detected,1,78.2,High,31.3,21
BD89F54C-8B2,USR0034,28376.11,2026-02-21 21:53:49,Jaipur,Emulator,Card Payment,Entertainment,1,20,Low,Suspicious device: Emulator,1,76.5,High,42.6,21
A9DE12B3-B57,USR0004,6634.48,2026-02-21 22:10:49,Chennai,iPhone 14,IMPS,Medical,0,0,Low,No anomalies detected,0,54.2,Medium,21.7,22
21623467-6B0,USR0043,14081.72,2026-02-21 23:18:49,Hyderabad,Windows PC,RTGS,Medical,0,0,Low,No anomalies detected,0,48.6,Medium,19.4,23
BF8589AA-673,USR0006,10859.48,2026-02-21 23:34:49,Pune,iPhone 14,UPI Transfer,Travel,0,0,Low,No anomalies detected,1,58.0,Medium,23.2,23
4260FBAB-630,USR0046,13252.57,2026-02-22 00:11:49,Bangalore,Pixel 7,NEFT,Dining,0,10,Low,Off-hours transaction (00:00),1,57.0,Medium,28.8,0
19A4B054-E04,USR0027,7020.06,2026-02-22 00:32:49,Pune,Pixel 7,Wallet Transfer,Luxury Goods,0,10,Low,Off-hours transaction (00:00),0,47.1,Medium,24.8,0
726A6E90-82A,USR0024,11521.43,2026-02-22 00:34:49,Kolkata,Windows PC,Card Payment,Travel,0,10,Low,Off-hours transaction (00:00),0,48.2,Medium,25.3,0
9A33313D-5C6,USR0017,11001.34,2026-02-22 01:19:49,Delhi,MacBook Pro,UPI Transfer,Dining,0,10,Low,Off-hours transaction (01:00),1,58.1,Medium,29.2,1
91389FEC-85B,USR0036,1352.02,2026-02-22 01:50:49,Ahmedabad,iPad Air,IMPS,Dining,0,10,Low,Off-hours transaction (01:00),1,80.1,High,38.0,1
89565D76-85E,USR0034,14187.8,2026-02-22 03:12:49,Chennai,OnePlus 11,NEFT,Utilities,0,10,Low,Off-hours transaction (03:00),1,61.5,Medium,30.6,3
20E619F0-D4C,USR0045,142.7,2026-02-22 04:25:49,Mumbai,MacBook Pro,Wallet Transfer,Luxury Goods,0,10,Low,Off-hours transaction (04:00),1,92.9,High,43.2,4
A902BCCC-FBB,USR0043,461437.05,2026-02-22 06:00:49,Jaipur,iPhone 14,RTGS,Groceries,1,35,Medium,"High-value transaction (₹461,437)",1,55.8,Medium,43.3,6
AE40F9F3-E84,USR0012,2086.45,2026-02-22 08:55:49,Kolkata,iPhone 14,Card Payment,Luxury Goods,0,0,Low,No anomalies detected,1,58.3,Medium,23.3,8
C014CD99-AA4,USR0047,9364.82,2026-02-22 09:22:49,Bangalore,Pixel 7,Card Payment,Dining,0,0,Low,No anomalies detected,0,47.4,Medium,19.0,9
F85940B3-D43,USR0037,330578.15,2026-02-22 10:08:49,Mumbai,MacBook Pro,UPI Transfer,Groceries,1,35,Medium,"High-value transaction (₹330,578)",1,60.2,Medium,45.1,10
184FE91F-D6B,USR0012,4639.15,2026-02-22 10:45:49,Ahmedabad,MacBook Pro,RTGS,Travel,0,0,Low,No anomalies detected,0,52.0,Medium,20.8,10
B67CF207-AAF,USR0029,1588.15,2026-02-22 12:14:49,Surat,Samsung Galaxy S23,Wallet Transfer,Luxury Goods,0,0,Low,No anomalies detected,1,56.8,Medium,22.7,12
AC194AFA-FC3,USR0026,14442.07,2026-02-22 12:26:49,Surat,OnePlus 11,NEFT,Entertainment,0,0,Low,No anomalies detected,1,55.7,Medium,22.3,12
44455721-6C4,USR0027,1237.06,2026-02-22 12:42:49,Pune,Windows PC,IMPS,Luxury Goods,0,0,Low,No anomalies detected,1,56.6,Medium,22.6,12
89EE933D-56A,USR0039,82080.25,2026-02-22 16:10:49,Bangalore,iPhone 14,Card Payment,Unknown Merchant,1,50,Medium,"High-value transaction (₹82,080) | Risky merchant category: Unknown Merchant",1,81.0,High,62.4,16
F3910AD1-3B3,USR0023,13363.92,2026-02-22 21:24:49,Bangalore,Windows PC,IMPS,Groceries,0,0,Low,No anomalies detected,1,57.2,Medium,22.9,21
D9418354-F5A,USR0035,5277.18,2026-02-22 21:43:49,Surat,MacBook Pro,IMPS,Electronics,0,0,Low,No anomalies detected,1,68.9,Medium,27.6,21
DAD6AFF5-564,USR0021,25885.53,2026-02-22 22:04:49,Delhi,Windows PC,NEFT,Unknown Merchant,1,15,Low,Risky merchant category: Unknown Merchant,1,71.5,Medium,37.6,22
429781DD-A18,USR0024,5799.59,2026-02-22 22:43:49,Pune,Samsung Galaxy S23,IMPS,Dining,0,0,Low,No anomalies detected,0,54.0,Medium,21.6,22
49F72B58-258,USR0007,297784.23,2026-02-22 22:50:49,Mumbai,OnePlus 11,Wallet Transfer,Luxury Goods,1,35,Medium,"High-value transaction (₹297,784)",1,71.0,Medium,49.4,22
D45DD8E7-01A,USR0001,10702.98,2026-02-22 23:43:49,Pune,Windows PC,RTGS,Electronics,0,0,Low,No anomalies detected,0,48.0,Medium,19.2,23
E6E60D61-54E,USR0037,3655.35,2026-02-23 00:50:49,Surat,OnePlus 11,RTGS,Utilities,0,10,Low,Off-hours transaction (00:00),0,50.3,Medium,26.1,0
6F48D3D3-FBF,USR0009,415.17,2026-02-23 00:52:49,Bangalore,MacBook Pro,Wallet Transfer,Groceries,0,10,Low,Off-hours transaction (00:00),1,80.0,High,38.0,0
FD70DB98-11F,USR0035,56341.83,2026-02-23 01:48:49,Jaipur,Emulator,Wallet Transfer,Utilities,1,65,High,"High-value transaction (₹56,342) | Suspicious device: Emulator | Off-hours transaction (01:00)",1,64.8,High,64.9,1
EBDBB3E7-7C3,USR0048,607.73,2026-02-23 01:57:49,Pune,iPhone 14,RTGS,Travel,0,10,Low,Off-hours transaction (01:00),1,79.4,High,37.8,1
CCB5A993-2C4,USR0036,779.63,2026-02-23 02:16:49,Hyderabad,MacBook Pro,UPI Transfer,Travel,0,10,Low,Off-hours transaction (02:00),1,62.0,Medium,30.8,2
485542BD-8BE,USR0028,3988.54,2026-02-23 03:38:49,Chennai,iPad Air,Wallet Transfer,Dining,0,10,Low,Off-hours transaction (03:00),0,51.1,Medium,26.4,3
B96B18CC-91C,USR0026,11932.08,2026-02-23 06:12:49,Ahmedabad,Windows PC,Card Payment,Utilities,0,0,Low,No anomalies detected,0,46.8,Medium,18.7,6
088E1C7C-C9D,USR0015,1236.72,2026-02-23 06:24:49,Kolkata,iPhone 14,IMPS,Electronics,0,0,Low,No anomalies detected,1,56.4,Medium,22.6,6
CCB05B9F-12D,USR0017,10436.37,2026-02-23 07:43:49,Ahmedabad,OnePlus 11,Card Payment,Dining,0,0,Low,No anomalies detected,0,51.1,Medium,20.4,7
ED9EE5F7-9AB,USR0004,2776.53,2026-02-23 08:32:49,Mumbai,iPhone 14,Wallet Transfer,Medical,0,0,Low,No anomalies detected,0,49.6,Medium,19.8,8
C9E3AF90-2FC,USR0044,5708.01,2026-02-23 08:54:49,Surat,MacBook Pro,Card Payment,Travel,0,0,Low,No anomalies detected,0,48.0,Medium,19.2,8
6A83E8B6-DED,USR0001,1106.71,2026-02-23 14:24:49,Mumbai,Windows PC,Card Payment,Entertainment,0,0,Low,No anomalies detected,1,55.6,Medium,22.2,14
48CEB775-D8C,USR0037,11966.86,2026-02-23 15:37:49,Pune,Jailbroken Device,NEFT,Crypto Exchange,1,35,Medium,Suspicious device: Jailbroken Device | Risky merchant category: Crypto Exchange,0,48.7,Medium,40.5,15
853F1EE6-71C,USR0024,177162.95,2026-02-23 16:31:49,Hyderabad,Pixel 7,RTGS,Crypto Exchange,1,50,Medium,"High-value transaction (₹177,163) | Risky merchant category: Crypto Exchange",0,52.3,Medium,50.9,16
D9227786-4A6,USR0035,45836.43,2026-02-23 17:46:49,Chennai,Jailbroken Device,NEFT,Crypto Exchange,1,35,Medium,Suspicious device: Jailbroken Device | Risky merchant category: Crypto Exchange,1,62.7,Medium,46.1,17
52A9A4F8-374,USR0039,190430.48,2026-02-23 19:49:49,Bangalore,OnePlus 11,Card Payment,Unknown Merchant,1,50,Medium,"High-value transaction (₹190,430) | Risky merchant category: Unknown Merchant",1,73.6,Medium,59.4,19
5F5A8B77-418,USR0014,8930.2,2026-02-23 23:13:49,Hyderabad,Samsung Galaxy S23,Wallet Transfer,Electronics,0,0,Low,No anomalies detected,0,46.1,Medium,18.4,23
82DF4BF1-061,USR0024,73955.48,2026-02-23 23:31:49,VPN-Detected,OnePlus 11,UPI Transfer,Groceries,1,60,High,"High-value transaction (₹73,955) | Suspicious location: VPN-Detected",1,67.8,High,63.1,23
EF71F3A5-362,USR0036,1858.09,2026-02-24 00:30:49,Surat,MacBook Pro,IMPS,Dining,0,10,Low,Off-hours transaction (00:00),1,66.5,Medium,32.6,0
3108C995-DF3,USR0013,291.23,2026-02-24 03:02:49,Jaipur,OnePlus 11,RTGS,Medical,0,10,Low,Off-hours transaction (03:00),1,60.5,Medium,30.2,3
159A5E77-8DB,USR0024,35709.83,2026-02-24 04:19:49,Unknown,iPad Air,NEFT,Electronics,1,35,Medium,Suspicious location: Unknown | Off-hours transaction (04:00),1,55.1,Medium,43.0,4
F5D00E47-E19,USR0002,1277.0,2026-02-24 08:11:49,Delhi,iPhone 14,Wallet Transfer,Utilities,0,0,Low,No anomalies detected,1,57.1,Medium,22.8,8
0AA51D51-CCE,USR0035,159487.26,2026-02-24 15:09:49,Surat,OnePlus 11,RTGS,Entertainment,1,35,Medium,"High-value transaction (₹159,487)",0,45.4,Medium,39.2,15
2B2CCE7C-28F,USR0002,151134.55,2026-02-24 18:04:49,Hyderabad,Windows PC,UPI Transfer,Unknown Merchant,1,50,Medium,"High-value transaction (₹151,135) | Risky merchant category: Unknown Merchant",0,49.8,Medium,49.9,18
34183609-AC1,USR0047,7736.25,2026-02-24 22:28:49,Kolkata,MacBook Pro,Wallet Transfer,Dining,0,0,Low,No anomalies detected,0,50.4,Medium,20.2,22
52AEA8B2-917,USR0041,1377.04,2026-02-24 23:20:49,Delhi,MacBook Pro,UPI Transfer,Medical,0,0,Low,No anomalies detected,1,60.6,Medium,24.2,23
4724C866-47B,USR0006,14397.27,2026-02-25 01:00:49,Pune,Pixel 7,Card Payment,Dining,0,10,Low,Off-hours transaction (01:00),0,49.2,Medium,25.7,1
AED2C236-6C7,USR0039,488514.71,2026-02-25 07:02:49,Chennai,Samsung Galaxy S23,NEFT,Dining,1,35,Medium,"High-value transaction (₹488,515)",0,38.8,Medium,36.5,7
5A049722-A7A,USR0032,196827.57,2026-02-25 08:37:49,Hyderabad,Samsung Galaxy S23,RTGS,Crypto Exchange,1,50,Medium,"High-value transaction (₹196,828) | Risky merchant category: Crypto Exchange",0,35.7,Medium,44.3,8
CF540D09-5D2,USR0023,56340.37,2026-02-25 10:30:49,Ahmedabad,Unknown Device,UPI Transfer,Dining,1,55,Medium,"High-value transaction (₹56,340) | Suspicious device: Unknown Device",1,58.3,Medium,56.3,10
4FF6F389-524,USR0010,103.68,2026-02-25 12:57:49,Delhi,iPhone 14,NEFT,Luxury Goods,0,0,Low,No anomalies detected,1,66.7,Medium,26.7,12
DC340E7F-00D,USR0037,197580.2,2026-02-25 16:47:49,Jaipur,Samsung Galaxy S23,Card Payment,Luxury Goods,1,35,Medium,"High-value transaction (₹197,580)",0,38.2,Medium,36.3,16
E62FB136-B16,USR0032,104587.26,2026-02-25 16:59:49,Surat,OnePlus 11,UPI Transfer,Entertainment,1,35,Medium,"High-value transaction (₹104,587)",0,45.1,Medium,39.0,16
A023CB2E-DAD,USR0001,33821.79,2026-02-25 21:23:49,VPN-Detected,Windows PC,RTGS,Travel,1,25,Low,Suspicious location: VPN-Detected,1,58.4,Medium,38.4,21
484910CB-8CC,USR0031,13033.51,2026-02-25 22:15:49,Pune,MacBook Pro,IMPS,Travel,0,0,Low,No anomalies detected,0,47.5,Medium,19.0,22
E531F47B-CBC,USR0002,57265.48,2026-02-26 01:24:49,Chennai,Windows PC,IMPS,Unknown Merchant,1,60,High,"High-value transaction (₹57,265) | Risky merchant category: Unknown Merchant | Off-hours transaction (01:00)",0,46.1,High,54.4,1
9E503F1C-3B9,USR0028,427438.19,2026-02-26 02:11:49,Pune,Samsung Galaxy S23,Wallet Transfer,Utilities,1,45,Medium,"High-value transaction (₹427,438) | Off-hours transaction (02:00)",0,52.1,Medium,47.8,2
6167A0B0-1DF,USR0012,149355.37,2026-02-26 03:28:49,Ahmedabad,Pixel 7,Card Payment,Unknown Merchant,1,60,High,"High-value transaction (₹149,355) | Risky merchant category: Unknown Merchant | Off-hours transaction (03:00)",1,58.9,High,59.6,3
B20789F2-93D,USR0036,1375.41,2026-02-26 06:21:49,Surat,OnePlus 11,Card Payment,Travel,0,0,Low,No anomalies detected,0,45.7,Medium,18.3,6
65BCD2DA-F28,USR0049,34047.78,2026-02-26 06:33:49,VPN-Detected,Pixel 7,UPI Transfer,Travel,1,25,Low,Suspicious location: VPN-Detected,0,46.5,Medium,33.6,6
8F9F8C80-BEB,USR0048,589.32,2026-02-26 08:44:49,Delhi,MacBook Pro,Wallet Transfer,Electronics,0,0,Low,No anomalies detected,1,61.1,Medium,24.4,8
2E0120DA-D1D,USR0001,48705.44,2026-02-26 09:04:49,Unknown,MacBook Pro,NEFT,Electronics,1,25,Low,Suspicious location: Unknown,0,51.1,Medium,35.4,9
594BE963-727,USR0045,585.85,2026-02-26 11:32:49,Bangalore,iPad Air,IMPS,Electronics,0,0,Low,No anomalies detected,0,51.8,Medium,20.7,11
81697B96-D08,USR0001,28959.43,2026-02-26 22:11:49,Foreign-IP,Pixel 7,Wallet Transfer,Utilities,1,25,Low,Suspicious location: Foreign-IP,1,69.5,Medium,42.8,22
97484247-28E,USR0049,2149.58,2026-02-26 23:05:49,Ahmedabad,MacBook Pro,NEFT,Travel,0,0,Low,No anomalies detected,1,58.8,Medium,23.5,23
7D73308D-FB9,USR0030,12244.76,2026-02-26 23:44:49,Surat,MacBook Pro,UPI Transfer,Electronics,0,0,Low,No anomalies detected,0,48.5,Medium,19.4,23
E5904A66-9AD,USR0042,1816.3,2026-02-27 00:16:49,Mumbai,iPad Air,IMPS,Dining,0,10,Low,Off-hours transaction (00:00),0,51.8,Medium,26.7,0
5C52CAA6-C11,USR0046,14512.72,2026-02-27 04:33:49,Mumbai,MacBook Pro,Card Payment,Dining,0,10,Low,Off-hours transaction (04:00),0,48.4,Medium,25.4,4
576A7ABA-021,USR0046,2504.92,2026-02-27 06:53:49,Kolkata,MacBook Pro,Card Payment,Dining,0,0,Low,No anomalies detected,0,46.6,Medium,18.6,6
E5AB9D4F-701,USR0020,78437.11,2026-02-27 09:43:49,Foreign-IP,iPhone 14,UPI Transfer,Dining,1,60,High,"High-value transaction (₹78,437) | Suspicious location: Foreign-IP",1,61.2,High,60.5,9
EB72BCC6-BF2,USR0037,2186.31,2026-02-27 22:50:49,Jaipur,MacBook Pro,UPI Transfer,Dining,0,0,Low,No anomalies detected,1,60.3,Medium,24.1,22
6378F8A3-FA6,USR0025,14698.81,2026-02-27 23:09:49,Jaipur,Samsung Galaxy S23,IMPS,Travel,0,0,Low,No anomalies detected,0,46.6,Medium,18.6,23
768F8ECA-6F1,USR0004,8955.66,2026-02-28 00:23:49,Chennai,iPad Air,Card Payment,Medical,0,10,Low,Off-hours transaction (00:00),0,52.9,Medium,27.2,0
82272599-A58,USR0005,1738.85,2026-02-28 00:36:49,Jaipur,Windows PC,UPI Transfer,Medical,0,10,Low,Off-hours transaction (00:00),0,53.2,Medium,27.3,0
60370371-264,USR0027,7822.6,2026-02-28 00:45:49,Ahmedabad,MacBook Pro,Wallet Transfer,Groceries,0,10,Low,Off-hours transaction (00:00),1,62.1,Medium,30.8,0
AB1EEDFF-021,USR0004,13192.96,2026-02-28 01:24:49,Jaipur,OnePlus 11,Wallet Transfer,Travel,0,10,Low,Off-hours transaction (01:00),0,48.2,Medium,25.3,1
4A628408-8C4,USR0032,54872.72,2026-02-28 02:16:49,Chennai,Unknown Device,IMPS,Travel,1,65,High,"High-value transaction (₹54,873) | Suspicious device: Unknown Device | Off-hours transaction (02:00)",1,63.3,High,64.3,2
0E378921-A6C,USR0025,12778.7,2026-02-28 04:03:49,Surat,MacBook Pro,NEFT,Groceries,0,10,Low,Off-hours transaction (04:00),0,48.5,Medium,25.4,4
7888EB2C-0E4,USR0034,6833.58,2026-02-28 04:25:49,Ahmedabad,iPad Air,Card Payment,Dining,0,10,Low,Off-hours transaction (04:00),1,56.6,Medium,28.6,4
FD6B982E-0BF,USR0049,135701.16,2026-02-28 05:09:49,Mumbai,iPad Air,IMPS,Unknown Merchant,1,60,High,"High-value transaction (₹135,701) | Risky merchant category: Unknown Merchant | Off-hours transaction (05:00)",1,56.5,High,58.6,5
7F915CDB-18F,USR0050,3849.89,2026-02-28 05:59:49,Jaipur,MacBook Pro,Card Payment,Entertainment,0,10,Low,Off-hours transaction (05:00),0,45.0,Medium,24.0,5
E35F8CEC-B12,USR0024,168616.25,2026-02-28 08:25:49,Surat,iPad Air,NEFT,Unknown Merchant,1,50,Medium,"High-value transaction (₹168,616) | Risky merchant category: Unknown Merchant",1,64.8,Medium,55.9,8
26435CEA-8F4,USR0004,3362.33,2026-02-28 12:48:49,Mumbai,MacBook Pro,Card Payment,Utilities,0,0,Low,No anomalies detected,1,61.9,Medium,24.8,12
3EC1818C-57A,USR0027,10765.34,2026-02-28 14:09:49,Surat,OnePlus 11,Wallet Transfer,Groceries,0,0,Low,No anomalies detected,0,47.8,Medium,19.1,14
18848C38-2B4,USR0002,54461.88,2026-02-28 17:25:49,Ahmedabad,Unknown Device,Wallet Transfer,Medical,1,55,Medium,"High-value transaction (₹54,462) | Suspicious device: Unknown Device",1,79.7,High,64.9,17
12B5C19C-364,USR0028,89105.63,2026-02-28 19:17:49,Mumbai,iPad Air,NEFT,Crypto Exchange,1,50,Medium,"High-value transaction (₹89,106) | Risky merchant category: Crypto Exchange",1,65.3,Medium,56.1,19
71E75A01-856,USR0039,21222.11,2026-02-28 20:04:49,Delhi,Emulator,Wallet Transfer,Travel,1,20,Low,Suspicious device: Emulator,1,76.8,High,42.7,20
4C75D4AA-4DD,USR0044,4081.81,2026-02-28 21:36:49,Chennai,MacBook Pro,Card Payment,Groceries,0,0,Low,No anomalies detected,1,65.8,Medium,26.3,21
E91628C9-169,USR0024,14194.51,2026-02-28 23:29:49,Chennai,Samsung Galaxy S23,RTGS,Electronics,0,0,Low,No anomalies detected,0,53.8,Medium,21.5,23
D7E9A08F-F3B,USR0011,8672.8,2026-02-28 23:36:49,Jaipur,iPad Air,Wallet Transfer,Entertainment,0,0,Low,No anomalies detected,0,53.9,Medium,21.6,23
CFC02BBE-54F,USR0020,17244.26,2026-03-01 00:08:49,Unknown,iPad Air,NEFT,Unknown Merchant,1,50,Medium,Suspicious location: Unknown | Risky merchant category: Unknown Merchant | Off-hours transaction (00:00),1,74.8,Medium,59.9,0
E9F58245-205,USR0034,7530.81,2026-03-01 00:09:49,Mumbai,iPad Air,Wallet Transfer,Medical,0,10,Low,Off-hours transaction (00:00),0,48.7,Medium,25.5,0
81B8BD1B-577,USR0001,5041.24,2026-03-01 03:14:49,Pune,Emulator,Wallet Transfer,Crypto Exchange,1,45,Medium,Suspicious device: Emulator | Risky merchant category: Crypto Exchange | Off-hours transaction (03:00),1,61.3,Medium,51.5,3
51AA0CF4-6C7,USR0025,3340.2,2026-03-01 03:35:49,Jaipur,MacBook Pro,RTGS,Electronics,0,10,Low,Off-hours transaction (03:00),0,46.8,Medium,24.7,3
FFE83489-692,USR0038,1411.28,2026-03-01 03:37:49,Hyderabad,MacBook Pro,Wallet Transfer,Entertainment,0,10,Low,Off-hours transaction (03:00),1,63.6,Medium,31.4,3
357753AD-088,USR0002,3305.08,2026-03-01 05:34:49,Pune,iPhone 14,Wallet Transfer,Medical,0,10,Low,Off-hours transaction (05:00),1,58.1,Medium,29.2,5
7BFA5168-CA1,USR0033,9914.36,2026-03-01 05:58:49,Chennai,Pixel 7,Card Payment,Dining,0,10,Low,Off-hours transaction (05:00),0,49.0,Medium,25.6,5
AB884E86-592,USR0010,10161.57,2026-03-01 06:26:49,Ahmedabad,iPhone 14,IMPS,Utilities,0,0,Low,No anomalies detected,1,64.4,Medium,25.8,6
4258DB6E-A5E,USR0023,11793.36,2026-03-01 06:44:49,Surat,OnePlus 11,NEFT,Utilities,0,0,Low,No anomalies detected,0,54.0,Medium,21.6,6
9CA4DC6C-673,USR0020,41490.11,2026-03-01 08:19:49,VPN-Detected,Windows PC,NEFT,Utilities,1,25,Low,Suspicious location: VPN-Detected,1,66.3,Medium,41.5,8
23BBF0CE-1F3,USR0025,3411.57,2026-03-01 10:07:49,Pune,iPad Air,IMPS,Luxury Goods,0,0,Low,No anomalies detected,0,45.6,Medium,18.2,10
555DAEB1-25D,USR0007,26738.35,2026-03-01 10:28:49,Kolkata,Emulator,NEFT,Dining,1,20,Low,Suspicious device: Emulator,1,67.6,Medium,39.0,10
CCEFA841-A01,USR0019,4044.79,2026-03-01 12:20:49,Mumbai,OnePlus 11,RTGS,Utilities,0,0,Low,No anomalies detected,0,46.1,Medium,18.4,12
89FB19E8-C23,USR0032,21808.59,2026-03-01 17:33:49,Pune,Pixel 7,Wallet Transfer,Crypto Exchange,1,15,Low,Risky merchant category: Crypto Exchange,1,72.8,Medium,38.1,17
22FAB9AD-35A,USR0023,110371.03,2026-03-01 19:18:49,Pune,Pixel 7,IMPS,Utilities,1,35,Medium,"High-value transaction (₹110,371)",1,72.3,Medium,49.9,19
EDDEEDE4-C6B,USR0002,7110.48,2026-03-01 21:58:49,Bangalore,Windows PC,UPI Transfer,Utilities,0,0,Low,No anomalies detected,1,60.6,Medium,24.2,21
8A5DD236-1A5,USR0043,4708.18,2026-03-01 22:07:49,Bangalore,Pixel 7,IMPS,Luxury Goods,0,0,Low,No anomalies detected,0,51.2,Medium,20.5,22
A6F7A3E4-1A9,USR0016,709.25,2026-03-01 22:13:49,Mumbai,OnePlus 11,RTGS,Medical,0,0,Low,No anomalies detected,1,83.3,High,33.3,22
B6B36C52-B1C,USR0038,10788.63,2026-03-01 22:37:49,Mumbai,OnePlus 11,IMPS,Entertainment,0,0,Low,No anomalies detected,0,51.6,Medium,20.6,22
F410F243-996,USR0004,226.33,2026-03-01 23:21:49,Kolkata,Pixel 7,IMPS,Utilities,0,0,Low,No anomalies detected,1,100.0,High,40.0,23
F06EFDE6-D7A,USR0026,5202.11,2026-03-01 23:22:49,Surat,Windows PC,NEFT,Luxury Goods,0,0,Low,No anomalies detected,0,48.8,Medium,19.5,23
F1839C13-CA0,USR0002,181994.87,2026-03-01 23:27:49,Mumbai,Windows PC,RTGS,Utilities,1,35,Medium,"High-value transaction (₹181,995)",1,70.7,Medium,49.3,23
FCD498D0-697,USR0022,13705.92,2026-03-02 00:13:49,Chennai,Samsung Galaxy S23,Card Payment,Travel,0,10,Low,Off-hours transaction (00:00),0,46.4,Medium,24.6,0
96FAAB13-DBD,USR0041,13817.98,2026-03-02 00:20:49,Mumbai,OnePlus 11,Card Payment,Entertainment,0,10,Low,Off-hours transaction (00:00),0,48.2,Medium,25.3,0
2081A0DC-DF6,USR0012,147428.46,2026-03-02 01:44:49,Hyderabad,Windows PC,NEFT,Crypto Exchange,1,60,High,"High-value transaction (₹147,428) | Risky merchant category: Crypto Exchange | Off-hours transaction (01:00)",0,52.3,High,56.9,1
696F5072-588,USR0023,6091.88,2026-03-02 02:02:49,Kolkata,iPhone 14,Card Payment,Dining,0,10,Low,Off-hours transaction (02:00),0,52.9,Medium,27.2,2
0A6A2341-55E,USR0034,515.58,2026-03-02 02:03:49,Jaipur,iPad Air,IMPS,Dining,0,10,Low,Off-hours transaction (02:00),1,78.2,High,37.3,2
E7DB4E7F-07C,USR0030,11211.8,2026-03-02 04:53:49,Surat,iPad Air,RTGS,Dining,0,10,Low,Off-hours transaction (04:00),0,45.1,Medium,24.0,4
0D5A4B2B-16D,USR0029,630.66,2026-03-02 06:42:49,Delhi,MacBook Pro,RTGS,Groceries,0,0,Low,No anomalies detected,1,59.8,Medium,23.9,6
91F487B4-098,USR0008,14924.25,2026-03-02 08:32:49,Surat,iPad Air,UPI Transfer,Travel,0,0,Low,No anomalies detected,0,47.8,Medium,19.1,8
0B9D3380-DBE,USR0025,2996.61,2026-03-02 09:56:49,Mumbai,iPhone 14,IMPS,Electronics,0,0,Low,No anomalies detected,0,46.8,Medium,18.7,9
6E7EFFE4-F23,USR0004,6165.44,2026-03-02 11:37:49,Ahmedabad,iPhone 14,Card Payment,Dining,0,0,Low,No anomalies detected,1,58.8,Medium,23.5,11
EBE803AF-F32,USR0025,52480.24,2026-03-02 16:32:49,Foreign-IP,MacBook Pro,NEFT,Unknown Merchant,1,75,High,"High-value transaction (₹52,480) | Suspicious location: Foreign-IP | Risky merchant category: Unknown Merchant",1,73.7,High,74.5,16
5352501F-53D,USR0034,288430.59,2026-03-02 16:34:49,Chennai,iPad Air,UPI Transfer,Groceries,1,35,Medium,"High-value transaction (₹288,431)",0,48.2,Medium,40.3,16
ED2C5ABB-3EE,USR0037,160870.25,2026-03-02 19:17:49,Mumbai,OnePlus 11,NEFT,Crypto Exchange,1,50,Medium,"High-value transaction (₹160,870) | Risky merchant category: Crypto Exchange",1,60.4,Medium,54.2,19
4F9EBBC6-120,USR0050,13176.8,2026-03-02 21:10:49,Ahmedabad,iPhone 14,Card Payment,Groceries,0,0,Low,No anomalies detected,1,73.1,Medium,29.2,21
7F6C3432-A3F,USR0013,122041.25,2026-03-02 21:21:49,Ahmedabad,iPhone 14,Wallet Transfer,Unknown Merchant,1,50,Medium,"High-value transaction (₹122,041) | Risky merchant category: Unknown Merchant",1,90.0,High,66.0,21
8002F30F-6D9,USR0011,13961.6,2026-03-02 22:20:49,Surat,iPhone 14,UPI Transfer,Dining,0,0,Low,No anomalies detected,1,70.3,Medium,28.1,22
291B9C21-57C,USR0030,9029.99,2026-03-02 22:58:49,Kolkata,MacBook Pro,Card Payment,Medical,0,0,Low,No anomalies detected,0,48.3,Medium,19.3,22
17EA83C2-BF7,USR0036,11245.36,2026-03-02 23:15:49,Jaipur,MacBook Pro,IMPS,Entertainment,0,0,Low,No anomalies detected,0,49.5,Medium,19.8,23
B792D439-415,USR0016,1461.66,2026-03-03 04:14:49,Pune,iPhone 14,UPI Transfer,Medical,0,10,Low,Off-hours transaction (04:00),0,50.4,Medium,26.2,4
2D8C0E1E-8D1,USR0039,56621.13,2026-03-03 04:17:49,Foreign-IP,OnePlus 11,IMPS,Luxury Goods,1,70,High,"High-value transaction (₹56,621) | Suspicious location: Foreign-IP | Off-hours transaction (04:00)",0,50.7,High,62.3,4
17AAB749-508,USR0020,224115.28,2026-03-03 05:14:49,Chennai,iPad Air,Card Payment,Electronics,1,45,Medium,"High-value transaction (₹224,115) | Off-hours transaction (05:00)",0,50.1,Medium,47.0,5
F04B55E3-30D,USR0028,49775.11,2026-03-03 05:49:49,Unknown,OnePlus 11,Card Payment,Crypto Exchange,1,50,Medium,Suspicious location: Unknown | Risky merchant category: Crypto Exchange | Off-hours transaction (05:00),1,65.4,Medium,56.2,5
13FFFA80-DFF,USR0001,85151.27,2026-03-03 06:02:49,Kolkata,Samsung Galaxy S23,Card Payment,Entertainment,1,35,Medium,"High-value transaction (₹85,151)",0,39.8,Medium,36.9,6
FF73D476-978,USR0001,281730.48,2026-03-03 06:02:49,Jaipur,MacBook Pro,UPI Transfer,Groceries,1,35,Medium,"High-value transaction (₹281,730)",0,33.5,Medium,34.4,6
4119B46A-CAD,USR0001,203648.21,2026-03-03 06:09:49,Surat,Windows PC,Card Payment,Medical,1,65,High,"High-value transaction (₹203,648) | Rapid transaction burst detected",0,48.8,High,58.5,6
8A2858CF-E9A,USR0001,247866.64,2026-03-03 06:09:49,Jaipur,iPhone 14,Card Payment,Electronics,1,65,High,"High-value transaction (₹247,867) | Rapid transaction burst detected",0,52.9,High,60.2,6
F1FE6A1B-0AF,USR0001,59920.0,2026-03-03 06:10:49,Delhi,Samsung Galaxy S23,NEFT,Entertainment,1,65,High,"High-value transaction (₹59,920) | Rapid transaction burst detected",0,32.4,High,52.0,6
8961399C-1ED,USR0001,181792.59,2026-03-03 06:11:49,Mumbai,Pixel 7,IMPS,Electronics,1,65,High,"High-value transaction (₹181,793) | Rapid transaction burst detected",0,36.2,High,53.5,6
77478C7C-898,USR0001,89764.95,2026-03-03 06:12:49,Chennai,MacBook Pro,Card Payment,Luxury Goods,1,65,High,"High-value transaction (₹89,765) | Rapid transaction burst detected",0,46.9,High,57.8,6
F3700FE9-834,USR0035,113724.21,2026-03-03 06:21:49,Hyderabad,Windows PC,IMPS,Crypto Exchange,1,50,Medium,"High-value transaction (₹113,724) | Risky merchant category: Crypto Exchange",0,45.1,Medium,48.0,6
145CBE6A-419,USR0037,1159.9,2026-03-03 08:07:49,Ahmedabad,MacBook Pro,Card Payment,Entertainment,0,0,Low,No anomalies detected,1,61.8,Medium,24.7,8
921FC234-C9D,USR0014,109459.38,2026-03-03 10:38:49,Pune,MacBook Pro,IMPS,Unknown Merchant,1,50,Medium,"High-value transaction (₹109,459) | Risky merchant category: Unknown Merchant",0,52.0,Medium,50.8,10
AE5699BE-6A2,USR0035,138066.65,2026-03-03 14:05:49,Ahmedabad,iPhone 14,UPI Transfer,Crypto Exchange,1,50,Medium,"High-value transaction (₹138,067) | Risky merchant category: Crypto Exchange",1,67.4,Medium,57.0,14
791B1EF3-F0B,USR0002,345245.66,2026-03-03 19:32:49,Chennai,Pixel 7,Wallet Transfer,Utilities,1,35,Medium,"High-value transaction (₹345,246)",1,61.6,Medium,45.6,19
4027E3B7-891,USR0005,180894.47,2026-03-03 20:22:49,Surat,Pixel 7,RTGS,Groceries,1,35,Medium,"High-value transaction (₹180,894)",0,48.6,Medium,40.4,20
53FCF7AB-C8D,USR0021,34151.86,2026-03-03 21:07:49,Mumbai,Unknown Device,NEFT,Unknown Merchant,1,35,Medium,Suspicious device: Unknown Device | Risky merchant category: Unknown Merchant,1,62.7,Medium,46.1,21
DFA0FBE2-2EE,USR0028,14260.35,2026-03-03 21:13:49,Chennai,OnePlus 11,RTGS,Electronics,0,0,Low,No anomalies detected,0,45.3,Medium,18.1,21
E982A876-60D,USR0013,271813.61,2026-03-04 00:25:49,Mumbai,Samsung Galaxy S23,IMPS,Utilities,1,45,Medium,"High-value transaction (₹271,814) | Off-hours transaction (00:00)",0,46.5,Medium,45.6,0
2B73550C-670,USR0045,13244.35,2026-03-04 01:51:49,Ahmedabad,iPad Air,Card Payment,Dining,0,10,Low,Off-hours transaction (01:00),1,56.0,Medium,28.4,1
E715C958-A1C,USR0025,182018.84,2026-03-04 02:02:49,Bangalore,MacBook Pro,RTGS,Crypto Exchange,1,60,High,"High-value transaction (₹182,019) | Risky merchant category: Crypto Exchange | Off-hours transaction (02:00)",1,54.9,High,58.0,2
22C7F8FD-FD3,USR0035,23758.23,2026-03-04 03:04:49,Kolkata,Emulator,RTGS,Utilities,1,30,Medium,Suspicious device: Emulator | Off-hours transaction (03:00),0,44.3,Medium,35.7,3
2287C2B5-273,USR0044,580.77,2026-03-04 05:27:49,Surat,iPhone 14,RTGS,Luxury Goods,0,10,Low,Off-hours transaction (05:00),1,66.3,Medium,32.5,5
A17E2C44-5A8,USR0039,78800.02,2026-03-04 14:23:49,Unknown,MacBook Pro,Wallet Transfer,Entertainment,1,60,High,"High-value transaction (₹78,800) | Suspicious location: Unknown",1,63.9,High,61.6,14
9B2C6D25-D32,USR0007,145089.03,2026-03-04 18:37:49,Chennai,Samsung Galaxy S23,NEFT,Utilities,1,35,Medium,"High-value transaction (₹145,089)",0,48.5,Medium,40.4,18
546D4D34-E2C,USR0012,98821.99,2026-03-04 20:39:49,Kolkata,iPad Air,IMPS,Crypto Exchange,1,50,Medium,"High-value transaction (₹98,822) | Risky merchant category: Crypto Exchange",1,54.8,Medium,51.9,20
365EDBDD-7D8,USR0002,11573.48,2026-03-04 21:42:49,Bangalore,iPhone 14,Wallet Transfer,Electronics,0,0,Low,No anomalies detected,0,53.1,Medium,21.2,21
5910FC21-E7D,USR0024,50274.6,2026-03-04 22:16:49,Foreign-IP,iPad Air,Wallet Transfer,Medical,1,60,High,"High-value transaction (₹50,275) | Suspicious location: Foreign-IP",1,68.6,High,63.4,22
38B7AE6F-DA3,USR0022,3557.3,2026-03-04 22:17:49,Surat,iPhone 14,NEFT,Utilities,0,0,Low,No anomalies detected,1,54.8,Medium,21.9,22
5BF4F9E3-402,USR0007,1996.51,2026-03-04 23:26:49,Mumbai,Samsung Galaxy S23,Wallet Transfer,Electronics,0,0,Low,No anomalies detected,0,48.0,Medium,19.2,23
4FFE0DB7-BC7,USR0013,103335.49,2026-03-05 03:07:49,Kolkata,Unknown Device,UPI Transfer,Unknown Merchant,1,80,High,"High-value transaction (₹103,335) | Suspicious device: Unknown Device | Risky merchant category: Unknown Merchant | Off-hours transaction (03:00)",0,45.7,High,66.3,3
150CEAF9-1AC,USR0035,135591.6,2026-03-05 03:22:49,Kolkata,Pixel 7,NEFT,Groceries,1,45,Medium,"High-value transaction (₹135,592) | Off-hours transaction (03:00)",0,24.4,Medium,36.8,3
6C3CA3D3-227,USR0049,375614.7,2026-03-05 07:36:49,Kolkata,MacBook Pro,Wallet Transfer,Groceries,1,35,Medium,"High-value transaction (₹375,615)",0,42.3,Medium,37.9,7
424F1760-3EE,USR0002,476737.82,2026-03-05 19:28:49,Delhi,MacBook Pro,NEFT,Medical,1,35,Medium,"High-value transaction (₹476,738)",0,45.4,Medium,39.2,19
BC91E5F7-C65,USR0039,152631.89,2026-03-05 19:49:49,Mumbai,iPad Air,Wallet Transfer,Crypto Exchange,1,50,Medium,"High-value transaction (₹152,632) | Risky merchant category: Crypto Exchange",1,57.4,Medium,53.0,19
EE7DC532-F89,USR0029,232.17,2026-03-05 21:30:49,Mumbai,MacBook Pro,Card Payment,Dining,0,0,Low,No anomalies detected,1,90.5,High,36.2,21
6D9DAEF1-6F8,USR0004,1552.38,2026-03-05 22:22:49,Jaipur,MacBook Pro,NEFT,Groceries,0,0,Low,No anomalies detected,0,52.1,Medium,20.8,22
256268DA-54E,USR0028,76707.92,2026-03-06 00:12:49,Unknown,iPhone 14,IMPS,Medical,1,70,High,"High-value transaction (₹76,708) | Suspicious location: Unknown | Off-hours transaction (00:00)",1,65.7,High,68.3,0
319AF190-1F9,USR0046,14795.07,2026-03-06 02:30:49,Ahmedabad,iPad Air,IMPS,Entertainment,0,10,Low,Off-hours transaction (02:00),0,52.1,Medium,26.8,2
8FA1750E-C8E,USR0024,9015.34,2026-03-06 03:48:49,Unknown,OnePlus 11,UPI Transfer,Dining,1,35,Medium,Suspicious location: Unknown | Off-hours transaction (03:00),0,38.8,Medium,36.5,3
6B22941E-D1A,USR0043,388748.94,2026-03-06 04:23:49,Ahmedabad,OnePlus 11,IMPS,Electronics,1,45,Medium,"High-value transaction (₹388,749) | Off-hours transaction (04:00)",0,51.0,Medium,47.4,4
7A0662AE-A5C,USR0045,14834.18,2026-03-06 09:10:49,Surat,iPad Air,NEFT,Dining,0,0,Low,No anomalies detected,0,49.0,Medium,19.6,9
435A6117-5CC,USR0025,64532.04,2026-03-06 09:52:49,Foreign-IP,Samsung Galaxy S23,RTGS,Travel,1,60,High,"High-value transaction (₹64,532) | Suspicious location: Foreign-IP",0,41.2,High,52.5,9
19C7A075-5ED,USR0009,235.89,2026-03-06 11:19:49,Bangalore,MacBook Pro,Wallet Transfer,Dining,0,0,Low,No anomalies detected,1,86.8,High,34.7,11
1CF32819-6B5,USR0002,17254.39,2026-03-06 12:36:49,Delhi,Emulator,Wallet Transfer,Travel,1,20,Low,Suspicious device: Emulator,0,46.8,Medium,30.7,12
76362D51-5DB,USR0035,46477.44,2026-03-06 21:08:49,VPN-Detected,iPad Air,Card Payment,Electronics,1,25,Low,Suspicious location: VPN-Detected,1,76.4,High,45.6,21
7C6D1AB4-0D2,USR0043,362.97,2026-03-06 23:23:49,Surat,Windows PC,Card Payment,Dining,0,0,Low,No anomalies detected,1,84.3,High,33.7,23
B1FE5AE3-FFB,USR0016,12302.0,2026-03-07 00:04:49,Surat,OnePlus 11,IMPS,Dining,0,10,Low,Off-hours transaction (00:00),1,58.6,Medium,29.4,0
59C3B702-E07,USR0024,424909.45,2026-03-07 00:51:49,Hyderabad,iPhone 14,Wallet Transfer,Entertainment,1,45,Medium,"High-value transaction (₹424,909) | Off-hours transaction (00:00)",1,68.7,Medium,54.5,0
9C822D6E-3E3,USR0022,932.55,2026-03-07 01:17:49,Chennai,OnePlus 11,Wallet Transfer,Electronics,0,10,Low,Off-hours transaction (01:00),1,66.1,Medium,32.4,1
60FB529E-CBF,USR0036,10877.61,2026-03-07 01:19:49,Delhi,iPhone 14,Card Payment,Dining,0,10,Low,Off-hours transaction (01:00),1,62.7,Medium,31.1,1
4F9B02F4-2FB,USR0036,11291.24,2026-03-07 01:22:49,Pune,iPad Air,RTGS,Utilities,0,10,Low,Off-hours transaction (01:00),0,48.4,Medium,25.4,1
25C51A95-312,USR0001,366781.02,2026-03-07 01:24:49,Pune,Pixel 7,IMPS,Electronics,1,45,Medium,"High-value transaction (₹366,781) | Off-hours transaction (01:00)",1,54.7,Medium,48.9,1
6F271BB0-CF9,USR0023,23751.68,2026-03-07 02:11:49,Mumbai,Emulator,RTGS,Utilities,1,30,Medium,Suspicious device: Emulator | Off-hours transaction (02:00),1,66.4,Medium,44.6,2
B6B0DC91-472,USR0039,144597.67,2026-03-07 02:52:49,Kolkata,Samsung Galaxy S23,UPI Transfer,Unknown Merchant,1,60,High,"High-value transaction (₹144,598) | Risky merchant category: Unknown Merchant | Off-hours transaction (02:00)",1,56.6,High,58.6,2
C12BC7EC-3E6,USR0012,2076.49,2026-03-07 03:22:49,Delhi,iPhone 14,NEFT,Luxury Goods,0,10,Low,Off-hours transaction (03:00),0,51.0,Medium,26.4,3
A3B33D9C-550,USR0010,5209.21,2026-03-07 06:40:49,Kolkata,iPhone 14,Wallet Transfer,Travel,0,0,Low,No anomalies detected,0,46.9,Medium,18.8,6
F8E8BBA4-4EC,USR0026,8982.72,2026-03-07 06:46:49,Bangalore,OnePlus 11,RTGS,Utilities,0,0,Low,No anomalies detected,0,45.0,Medium,18.0,6
E475B1E0-F78,USR0010,11901.05,2026-03-07 07:09:49,Pune,MacBook Pro,Wallet Transfer,Groceries,0,0,Low,No anomalies detected,0,46.2,Medium,18.5,7
F72FE210-18D,USR0035,3612.52,2026-03-07 07:43:49,Ahmedabad,OnePlus 11,Card Payment,Electronics,0,0,Low,No anomalies detected,0,50.4,Medium,20.2,7
CD99742F-557,USR0029,3934.36,2026-03-07 08:36:49,Ahmedabad,MacBook Pro,IMPS,Luxury Goods,0,0,Low,No anomalies detected,0,51.3,Medium,20.5,8
D6DFDBAA-6C2,USR0002,457.95,2026-03-07 10:53:49,Kolkata,Pixel 7,IMPS,Dining,0,0,Low,No anomalies detected,1,72.2,Medium,28.9,10
216D46B0-94E,USR0041,4192.97,2026-03-07 10:59:49,Ahmedabad,OnePlus 11,Wallet Transfer,Dining,0,0,Low,No anomalies detected,1,57.9,Medium,23.2,10
0F3F8678-B8D,USR0043,9487.41,2026-03-07 12:52:49,Surat,MacBook Pro,Wallet Transfer,Luxury Goods,0,0,Low,No anomalies detected,0,51.7,Medium,20.7,12
C7D46117-981,USR0031,14969.52,2026-03-07 13:45:49,Jaipur,OnePlus 11,UPI Transfer,Utilities,0,0,Low,No anomalies detected,1,59.7,Medium,23.9,13
54CEAF55-9EC,USR0049,378.09,2026-03-07 13:59:49,Jaipur,Samsung Galaxy S23,UPI Transfer,Entertainment,0,0,Low,No anomalies detected,1,68.0,Medium,27.2,13
BFF597AA-A95,USR0002,424166.3,2026-03-07 15:21:49,Kolkata,Samsung Galaxy S23,NEFT,Luxury Goods,1,35,Medium,"High-value transaction (₹424,166)",0,40.5,Medium,37.2,15
0785C896-9F6,USR0007,16327.57,2026-03-07 20:09:49,Surat,Emulator,RTGS,Medical,1,20,Low,Suspicious device: Emulator,1,74.0,Medium,41.6,20
029DEB05-444,USR0021,61599.47,2026-03-07 20:47:49,Foreign-IP,MacBook Pro,UPI Transfer,Electronics,1,60,High,"High-value transaction (₹61,599) | Suspicious location: Foreign-IP",1,80.0,High,68.0,20
BF67D21A-F46,USR0007,140956.06,2026-03-07 20:59:49,Bangalore,iPad Air,Card Payment,Medical,1,35,Medium,"High-value transaction (₹140,956)",1,73.6,Medium,50.4,20
EF2F5549-225,USR0028,34828.87,2026-03-07 22:22:49,Kolkata,Unknown Device,NEFT,Dining,1,20,Low,Suspicious device: Unknown Device,1,77.2,High,42.9,22
6953C003-7FA,USR0013,6808.2,2026-03-07 23:00:49,Unknown,iPad Air,UPI Transfer,Travel,1,25,Low,Suspicious location: Unknown,1,60.6,Medium,39.2,23
CC3D5DD6-FA3,USR0034,373060.27,2026-03-08 00:33:49,Pune,iPad Air,RTGS,Electronics,1,45,Medium,"High-value transaction (₹373,060) | Off-hours transaction (00:00)",1,60.4,Medium,51.2,0
90981C37-53C,USR0045,2465.37,2026-03-08 02:25:49,Bangalore,OnePlus 11,RTGS,Dining,0,10,Low,Off-hours transaction (02:00),1,61.2,Medium,30.5,2
410A15E7-E65,USR0021,3541.45,2026-03-08 02:29:49,Bangalore,iPad Air,UPI Transfer,Utilities,0,10,Low,Off-hours transaction (02:00),1,59.0,Medium,29.6,2
4A6CCC40-762,USR0034,2284.09,2026-03-08 02:50:49,Delhi,iPhone 14,IMPS,Medical,0,10,Low,Off-hours transaction (02:00),1,61.0,Medium,30.4,2
3F1F4AE3-B05,USR0006,3352.0,2026-03-08 03:18:49,Chennai,iPhone 14,UPI Transfer,Travel,0,10,Low,Off-hours transaction (03:00),1,57.4,Medium,29.0,3
9EA002A1-FBA,USR0027,13406.79,2026-03-08 03:44:49,Bangalore,Pixel 7,UPI Transfer,Electronics,0,10,Low,Off-hours transaction (03:00),0,49.0,Medium,25.6,3
0D5AD529-982,USR0036,13706.78,2026-03-08 03:56:49,Ahmedabad,MacBook Pro,RTGS,Dining,0,10,Low,Off-hours transaction (03:00),1,70.8,Medium,34.3,3
8B1F5AA8-AE6,USR0037,3915.47,2026-03-08 04:17:49,Bangalore,OnePlus 11,RTGS,Dining,0,10,Low,Off-hours transaction (04:00),0,49.6,Medium,25.8,4
B6F1416A-970,USR0028,9570.97,2026-03-08 04:21:49,Delhi,MacBook Pro,Card Payment,Medical,0,10,Low,Off-hours transaction (04:00),0,49.6,Medium,25.8,4
A9F88FBA-D00,USR0012,1543.79,2026-03-08 05:51:49,Chennai,Windows PC,IMPS,Groceries,0,10,Low,Off-hours transaction (05:00),0,48.2,Medium,25.3,5
26D60F4A-622,USR0036,425.59,2026-03-08 06:46:49,Delhi,Pixel 7,RTGS,Medical,0,0,Low,No anomalies detected,1,67.6,Medium,27.0,6
B7E6B45C-9B8,USR0024,1344.01,2026-03-08 07:25:49,Pune,iPad Air,Card Payment,Entertainment,0,0,Low,No anomalies detected,1,63.4,Medium,25.4,7
C0FB4991-D76,USR0041,811.22,2026-03-08 08:09:49,Delhi,Windows PC,IMPS,Groceries,0,0,Low,No anomalies detected,1,54.3,Medium,21.7,8
589596C1-CAC,USR0049,11712.65,2026-03-08 09:37:49,Pune,iPad Air,IMPS,Dining,0,0,Low,No anomalies detected,0,45.5,Medium,18.2,9
F4989B30-794,USR0037,6874.91,2026-03-08 09:45:49,Ahmedabad,OnePlus 11,RTGS,Utilities,0,0,Low,No anomalies detected,0,48.7,Medium,19.5,9
FFE412B4-BF2,USR0023,334959.01,2026-03-08 10:42:49,Chennai,Pixel 7,IMPS,Entertainment,1,35,Medium,"High-value transaction (₹334,959)",0,49.8,Medium,40.9,10
82980460-8C9,USR0043,4057.12,2026-03-08 11:24:49,Jaipur,iPhone 14,IMPS,Utilities,0,0,Low,No anomalies detected,1,57.6,Medium,23.0,11
E6F286A2-D99,USR0013,823.3,2026-03-08 11:29:49,Chennai,iPhone 14,UPI Transfer,Luxury Goods,0,0,Low,No anomalies detected,1,76.4,High,30.6,11
F42D5E26-0B8,USR0005,36670.11,2026-03-08 12:28:49,Hyderabad,Emulator,IMPS,Travel,1,20,Low,Suspicious device: Emulator,1,62.4,Medium,37.0,12
1959688C-F3B,USR0037,7672.6,2026-03-08 13:39:49,Pune,MacBook Pro,IMPS,Utilities,0,0,Low,No anomalies detected,1,57.5,Medium,23.0,13
9822B45F-099,USR0033,11552.68,2026-03-08 14:01:49,Ahmedabad,Pixel 7,NEFT,Medical,0,0,Low,No anomalies detected,0,46.0,Medium,18.4,14
6353EEAE-541,USR0011,7194.76,2026-03-08 14:14:49,Chennai,MacBook Pro,RTGS,Electronics,0,0,Low,No anomalies detected,0,46.1,Medium,18.4,14
D3135338-2F5,USR0005,310275.41,2026-03-08 16:10:49,Chennai,Windows PC,RTGS,Dining,1,35,Medium,"High-value transaction (₹310,275)",1,64.8,Medium,46.9,16
5F5F4D37-BA5,USR0035,30112.47,2026-03-08 19:52:49,Kolkata,Emulator,IMPS,Crypto Exchange,1,35,Medium,Suspicious device: Emulator | Risky merchant category: Crypto Exchange,1,80.2,High,53.1,19
A1DC3974-385,USR0025,435656.26,2026-03-08 20:17:49,Chennai,iPad Air,IMPS,Groceries,1,35,Medium,"High-value transaction (₹435,656)",1,67.3,Medium,47.9,20
23C3AB73-619,USR0002,1997.12,2026-03-08 22:51:49,Kolkata,iPhone 14,IMPS,Medical,0,0,Low,No anomalies detected,1,70.2,Medium,28.1,22
096D6D2D-8E7,USR0042,14332.01,2026-03-08 23:14:49,Jaipur,iPad Air,UPI Transfer,Dining,0,0,Low,No anomalies detected,1,68.4,Medium,27.4,23
991825D3-DD4,USR0005,3474.33,2026-03-09 00:19:49,Surat,OnePlus 11,RTGS,Utilities,0,10,Low,Off-hours transaction (00:00),0,50.1,Medium,26.0,0
DB13B67A-387,USR0043,13273.91,2026-03-09 01:38:49,Bangalore,Unknown Device,RTGS,Unknown Merchant,1,45,Medium,Suspicious device: Unknown Device | Risky merchant category: Unknown Merchant | Off-hours transaction (01:00),1,57.2,Medium,49.9,1
774A98D3-9E4,USR0035,1345.9,2026-03-09 04:26:49,Pune,iPad Air,Wallet Transfer,Dining,0,10,Low,Off-hours transaction (04:00),1,64.4,Medium,31.8,4
35F33599-9EB,USR0005,15464.1,2026-03-09 11:55:49,Unknown,Pixel 7,Wallet Transfer,Utilities,1,25,Low,Suspicious location: Unknown,1,65.2,Medium,41.1,11
8018EB1B-11E,USR0034,370906.28,2026-03-09 16:44:49,Ahmedabad,Samsung Galaxy S23,IMPS,Entertainment,1,35,Medium,"High-value transaction (₹370,906)",1,58.8,Medium,44.5,16
DE18ACD3-1DF,USR0033,416.08,2026-03-09 21:16:49,Delhi,MacBook Pro,NEFT,Utilities,0,0,Low,No anomalies detected,1,84.5,High,33.8,21
0411FB98-77D,USR0021,11801.83,2026-03-09 21:38:49,Bangalore,Samsung Galaxy S23,IMPS,Utilities,0,0,Low,No anomalies detected,0,52.7,Medium,21.1,21
42A969BF-1D0,USR0020,6503.36,2026-03-09 21:39:49,Delhi,OnePlus 11,Card Payment,Dining,0,0,Low,No anomalies detected,0,53.5,Medium,21.4,21
4D33E7B7-BDE,USR0002,33795.92,2026-03-09 21:57:49,Pune,Unknown Device,Card Payment,Entertainment,1,20,Low,Suspicious device: Unknown Device,1,75.4,High,42.2,21
DC489DF2-CFD,USR0031,2502.22,2026-03-09 22:20:49,Ahmedabad,iPhone 14,RTGS,Electronics,0,0,Low,No anomalies detected,1,61.9,Medium,24.8,22
37586E7A-CD4,USR0018,9320.21,2026-03-09 22:31:49,Ahmedabad,iPad Air,Card Payment,Electronics,0,0,Low,No anomalies detected,1,62.5,Medium,25.0,22
693622A8-8BC,USR0021,11635.66,2026-03-09 22:40:49,Mumbai,Pixel 7,IMPS,Utilities,0,0,Low,No anomalies detected,0,48.2,Medium,19.3,22
53CB9331-005,USR0042,13286.49,2026-03-09 23:28:49,Delhi,Windows PC,Wallet Transfer,Travel,0,0,Low,No anomalies detected,0,51.5,Medium,20.6,23
DC61C1F8-EC9,USR0031,241.51,2026-03-10 01:18:49,Jaipur,OnePlus 11,NEFT,Travel,0,10,Low,Off-hours transaction (01:00),1,68.0,Medium,33.2,1
F5AB7590-EB6,USR0013,103281.92,2026-03-10 02:25:49,Ahmedabad,Pixel 7,UPI Transfer,Crypto Exchange,1,60,High,"High-value transaction (₹103,282) | Risky merchant category: Crypto Exchange | Off-hours transaction (02:00)",1,60.2,High,60.1,2
E72FBE6D-311,USR0005,171784.6,2026-03-10 02:46:49,Kolkata,Windows PC,Wallet Transfer,Medical,1,45,Medium,"High-value transaction (₹171,785) | Off-hours transaction (02:00)",0,40.7,Medium,43.3,2
C213351A-57D,USR0037,152797.45,2026-03-10 02:49:49,Delhi,Windows PC,RTGS,Unknown Merchant,1,60,High,"High-value transaction (₹152,797) | Risky merchant category: Unknown Merchant | Off-hours transaction (02:00)",0,44.6,High,53.8,2
C6FB004D-073,USR0014,58931.5,2026-03-10 04:14:49,Ahmedabad,Emulator,UPI Transfer,Electronics,1,65,High,"High-value transaction (₹58,932) | Suspicious device: Emulator | Off-hours transaction (04:00)",1,58.0,High,62.2,4
C05C40BF-EA2,USR0039,194356.37,2026-03-10 09:13:49,Surat,OnePlus 11,UPI Transfer,Unknown Merchant,1,50,Medium,"High-value transaction (₹194,356) | Risky merchant category: Unknown Merchant",0,50.3,Medium,50.1,9
3FA5E506-49A,USR0015,4059.74,2026-03-10 10:44:49,Ahmedabad,iPad Air,Wallet Transfer,Utilities,0,0,Low,No anomalies detected,0,45.2,Medium,18.1,10
12A11EC3-006,USR0032,50543.68,2026-03-10 10:56:49,Delhi,Samsung Galaxy S23,Card Payment,Unknown Merchant,1,50,Medium,"High-value transaction (₹50,544) | Risky merchant category: Unknown Merchant",0,46.3,Medium,48.5,10
8BCDE7FE-3BB,USR0017,6408.99,2026-03-10 12:42:49,Ahmedabad,OnePlus 11,Card Payment,Utilities,0,0,Low,No anomalies detected,0,47.3,Medium,18.9,12
19F2CC53-00E,USR0046,12447.44,2026-03-10 12:42:49,Ahmedabad,MacBook Pro,RTGS,Utilities,0,0,Low,No anomalies detected,0,49.3,Medium,19.7,12
1C8BCCA0-955,USR0011,1455.4,2026-03-10 12:45:49,Kolkata,iPhone 14,RTGS,Utilities,0,0,Low,No anomalies detected,0,51.6,Medium,20.6,12
36C00524-E6C,USR0026,10493.02,2026-03-10 22:36:49,Delhi,iPad Air,Card Payment,Entertainment,0,0,Low,No anomalies detected,0,45.3,Medium,18.1,22
A80DEB4C-994,USR0025,41462.95,2026-03-10 22:41:49,Chennai,Jailbroken Device,Card Payment,Entertainment,1,20,Low,Suspicious device: Jailbroken Device,1,71.8,Medium,40.7,22
56FED563-66F,USR0001,11341.55,2026-03-10 22:47:49,Surat,iPhone 14,UPI Transfer,Electronics,0,0,Low,No anomalies detected,0,49.2,Medium,19.7,22
307451B4-162,USR0047,11352.03,2026-03-10 23:05:49,Bangalore,Samsung Galaxy S23,Card Payment,Travel,0,0,Low,No anomalies detected,0,49.2,Medium,19.7,23
FC0ED465-7A6,USR0049,41140.0,2026-03-11 02:31:49,Kolkata,MacBook Pro,Wallet Transfer,Unknown Merchant,1,25,Low,Risky merchant category: Unknown Merchant | Off-hours transaction (02:00),1,57.8,Medium,38.1,2
EA80A49F-E9C,USR0025,57977.57,2026-03-11 02:38:49,Unknown,iPad Air,Card Payment,Travel,1,70,High,"High-value transaction (₹57,978) | Suspicious location: Unknown | Off-hours transaction (02:00)",1,61.6,High,66.6,2
24ACBDB7-24B,USR0011,14515.56,2026-03-11 05:46:49,Chennai,iPhone 14,Wallet Transfer,Groceries,0,10,Low,Off-hours transaction (05:00),0,49.1,Medium,25.6,5
5BB68E87-637,USR0037,46034.25,2026-03-11 07:20:49,Foreign-IP,iPhone 14,NEFT,Electronics,1,25,Low,Suspicious location: Foreign-IP,1,54.9,Medium,37.0,7
1E554260-693,USR0037,92220.89,2026-03-11 07:20:49,Mumbai,Pixel 7,UPI Transfer,Crypto Exchange,1,50,Medium,"High-value transaction (₹92,221) | Risky merchant category: Crypto Exchange",0,36.5,Medium,44.6,7
C65FD684-AA0,USR0001,227.21,2026-03-11 09:03:49,Kolkata,Windows PC,NEFT,Entertainment,0,0,Low,No anomalies detected,0,53.7,Medium,21.5,9
06CEE2AF-716,USR0050,1525.49,2026-03-11 11:50:49,Ahmedabad,iPad Air,UPI Transfer,Electronics,0,0,Low,No anomalies detected,0,46.0,Medium,18.4,11
8DC384A8-C30,USR0049,9987.52,2026-03-11 18:09:49,VPN-Detected,MacBook Pro,Card Payment,Travel,1,25,Low,Suspicious location: VPN-Detected,0,52.6,Medium,36.0,18
89F4CA74-C83,USR0023,27978.47,2026-03-11 21:20:49,Hyderabad,Unknown Device,NEFT,Utilities,1,20,Low,Suspicious device: Unknown Device,1,57.7,Medium,35.1,21
A1586338-29C,USR0017,13531.99,2026-03-11 23:24:49,Chennai,Pixel 7,Wallet Transfer,Electronics,0,0,Low,No anomalies detected,0,48.2,Medium,19.3,23
61492964-A8B,USR0005,33151.0,2026-03-12 00:45:49,Bangalore,iPad Air,Wallet Transfer,Unknown Merchant,1,25,Low,Risky merchant category: Unknown Merchant | Off-hours transaction (00:00),1,63.1,Medium,40.2,0
E391DC00-04D,USR0039,51611.98,2026-03-12 01:21:49,Ahmedabad,Emulator,IMPS,Luxury Goods,1,65,High,"High-value transaction (₹51,612) | Suspicious device: Emulator | Off-hours transaction (01:00)",1,56.3,High,61.5,1
8BE28FD9-71A,USR0050,2301.92,2026-03-12 01:22:49,Ahmedabad,OnePlus 11,Card Payment,Electronics,0,10,Low,Off-hours transaction (01:00),0,45.1,Medium,24.0,1
6BEBC101-56F,USR0007,182945.81,2026-03-12 03:20:49,Hyderabad,Unknown Device,Card Payment,Unknown Merchant,1,80,High,"High-value transaction (₹182,946) | Suspicious device: Unknown Device | Risky merchant category: Unknown Merchant | Off-hours transaction (03:00)",0,51.9,High,68.8,3
7B0712D8-7EF,USR0045,5109.05,2026-03-12 04:16:49,Ahmedabad,iPhone 14,Wallet Transfer,Utilities,0,10,Low,Off-hours transaction (04:00),0,48.3,Medium,25.3,4
D8CF84F8-025,USR0037,50022.59,2026-03-12 04:55:49,Pune,Jailbroken Device,NEFT,Utilities,1,65,High,"High-value transaction (₹50,023) | Suspicious device: Jailbroken Device | Off-hours transaction (04:00)",0,44.0,High,56.6,4
73CEBDBA-8AC,USR0012,30759.03,2026-03-12 05:30:49,VPN-Detected,Samsung Galaxy S23,UPI Transfer,Unknown Merchant,1,50,Medium,Suspicious location: VPN-Detected | Risky merchant category: Unknown Merchant | Off-hours transaction (05:00),0,52.8,Medium,51.1,5
52E55A2A-DF1,USR0012,45234.1,2026-03-12 05:32:49,Foreign-IP,Samsung Galaxy S23,Card Payment,Travel,1,35,Medium,Suspicious location: Foreign-IP | Off-hours transaction (05:00),0,50.4,Medium,41.2,5
89FFB832-E38,USR0007,8138.3,2026-03-12 05:42:49,Delhi,Jailbroken Device,RTGS,Travel,1,30,Medium,Suspicious device: Jailbroken Device | Off-hours transaction (05:00),0,13.0,Medium,23.2,5
15BC49DE-18B,USR0034,80040.01,2026-03-12 11:50:49,Bangalore,Unknown Device,UPI Transfer,Unknown Merchant,1,70,High,"High-value transaction (₹80,040) | Suspicious device: Unknown Device | Risky merchant category: Unknown Merchant",0,51.1,High,62.4,11
7405DEB8-4F2,USR0001,341091.64,2026-03-12 12:37:49,Hyderabad,Windows PC,UPI Transfer,Groceries,1,35,Medium,"High-value transaction (₹341,092)",0,26.0,Medium,31.4,12
F3DE6437-350,USR0002,1880.55,2026-03-12 12:48:49,Delhi,iPhone 14,Card Payment,Utilities,0,0,Low,No anomalies detected,0,47.7,Medium,19.1,12
018F52D3-689,USR0050,12459.55,2026-03-12 13:30:49,Bangalore,iPhone 14,Wallet Transfer,Utilities,0,0,Low,No anomalies detected,0,49.5,Medium,19.8,13
312FECD4-227,USR0024,177568.12,2026-03-12 14:13:49,Kolkata,iPhone 14,IMPS,Unknown Merchant,1,50,Medium,"High-value transaction (₹177,568) | Risky merchant category: Unknown Merchant",0,48.4,Medium,49.4,14
97A5D097-375,USR0025,40826.63,2026-03-12 19:56:49,Unknown,iPad Air,UPI Transfer,Travel,1,25,Low,Suspicious location: Unknown,1,61.3,Medium,39.5,19
30285EDB-5CF,USR0034,56725.64,2026-03-12 23:57:49,Unknown,OnePlus 11,NEFT,Groceries,1,60,High,"High-value transaction (₹56,726) | Suspicious location: Unknown",1,58.0,High,59.2,23
5BCC627E-5B1,USR0037,80638.92,2026-03-13 01:13:49,Pune,iPhone 14,NEFT,Crypto Exchange,1,60,High,"High-value transaction (₹80,639) | Risky merchant category: Crypto Exchange | Off-hours transaction (01:00)",1,59.1,High,59.6,1
A522FD94-BE9,USR0013,247456.95,2026-03-13 03:03:49,Ahmedabad,Windows PC,Card Payment,Travel,1,45,Medium,"High-value transaction (₹247,457) | Off-hours transaction (03:00)",1,56.0,Medium,49.4,3
27CDFE1A-BAC,USR0011,14399.51,2026-03-13 03:32:49,Chennai,iPhone 14,Card Payment,Luxury Goods,0,10,Low,Off-hours transaction (03:00),0,50.6,Medium,26.2,3
06D59C77-6C1,USR0043,111889.42,2026-03-13 14:01:49,Chennai,iPad Air,IMPS,Crypto Exchange,1,50,Medium,"High-value transaction (₹111,889) | Risky merchant category: Crypto Exchange",0,52.8,Medium,51.1,14
D897BAEC-537,USR0032,62836.47,2026-03-13 15:28:49,Hyderabad,Unknown Device,Card Payment,Unknown Merchant,1,70,High,"High-value transaction (₹62,836) | Suspicious device: Unknown Device | Risky merchant category: Unknown Merchant",1,56.4,High,64.6,15
8C6ED0CB-D46,USR0021,61721.47,2026-03-13 17:14:49,Unknown,Samsung Galaxy S23,IMPS,Utilities,1,60,High,"High-value transaction (₹61,721) | Suspicious location: Unknown",1,60.5,High,60.2,17
713B8FC8-7A0,USR0020,53010.21,2026-03-13 18:47:49,Unknown,iPhone 14,NEFT,Utilities,1,60,High,"High-value transaction (₹53,010) | Suspicious location: Unknown",1,71.0,High,64.4,18
43B5E156-911,USR0049,90268.64,2026-03-13 20:07:49,Chennai,Windows PC,IMPS,Travel,1,35,Medium,"High-value transaction (₹90,269)",0,49.9,Medium,41.0,20
D5031150-500,USR0026,9741.62,2026-03-13 22:24:49,Ahmedabad,Pixel 7,Card Payment,Groceries,0,0,Low,No anomalies detected,0,46.5,Medium,18.6,22
69E1B6BC-34E,USR0032,17172.1,2026-03-14 01:10:49,Hyderabad,Unknown Device,RTGS,Entertainment,1,30,Medium,Suspicious device: Unknown Device | Off-hours transaction (01:00),1,57.3,Medium,40.9,1
1AF6765A-916,USR0049,14138.66,2026-03-14 01:36:49,Surat,Windows PC,NEFT,Entertainment,0,10,Low,Off-hours transaction (01:00),0,50.6,Medium,26.2,1
99F72DFE-940,USR0048,7573.29,2026-03-14 02:19:49,Mumbai,iPad Air,Card Payment,Travel,0,10,Low,Off-hours transaction (02:00),0,47.1,Medium,24.8,2
3731269A-702,USR0001,71629.88,2026-03-14 02:28:49,Pune,Unknown Device,Card Payment,Unknown Merchant,1,80,High,"High-value transaction (₹71,630) | Suspicious device: Unknown Device | Risky merchant category: Unknown Merchant | Off-hours transaction (02:00)",1,76.4,High,78.6,2
F5D22879-535,USR0006,14939.12,2026-03-14 05:11:49,Hyderabad,Windows PC,Wallet Transfer,Electronics,0,10,Low,Off-hours transaction (05:00),1,54.8,Medium,27.9,5
4BB5B39D-848,USR0037,128172.81,2026-03-14 05:53:49,Bangalore,OnePlus 11,UPI Transfer,Groceries,1,45,Medium,"High-value transaction (₹128,173) | Off-hours transaction (05:00)",1,54.6,Medium,48.8,5
E8236F6C-D05,USR0025,880.99,2026-03-14 06:30:49,Mumbai,iPhone 14,Card Payment,Dining,0,0,Low,No anomalies detected,1,81.5,High,32.6,6
CB354643-C6E,USR0002,26604.76,2026-03-14 06:40:49,VPN-Detected,iPad Air,Card Payment,Groceries,1,25,Low,Suspicious location: VPN-Detected,1,63.8,Medium,40.5,6
1E305E89-953,USR0002,1049.46,2026-03-14 07:16:49,Chennai,OnePlus 11,RTGS,Luxury Goods,0,0,Low,No anomalies detected,0,52.0,Medium,20.8,7
05E04E1B-E02,USR0009,14332.4,2026-03-14 07:39:49,Kolkata,iPad Air,Wallet Transfer,Utilities,0,0,Low,No anomalies detected,1,56.7,Medium,22.7,7
FDF3A18C-A3F,USR0046,13878.48,2026-03-14 07:59:49,Pune,iPhone 14,RTGS,Medical,0,0,Low,No anomalies detected,0,47.3,Medium,18.9,7
CAB20EC7-8B2,USR0041,959.8,2026-03-14 08:46:49,Pune,Windows PC,RTGS,Dining,0,0,Low,No anomalies detected,1,64.9,Medium,26.0,8
6A75C5ED-84F,USR0043,315619.17,2026-03-14 09:26:49,Jaipur,Windows PC,IMPS,Travel,1,35,Medium,"High-value transaction (₹315,619)",0,44.1,Medium,38.6,9
E07AA663-6A9,USR0032,30437.89,2026-03-14 09:41:49,Mumbai,Unknown Device,RTGS,Groceries,1,20,Low,Suspicious device: Unknown Device,0,52.9,Medium,33.2,9
5672D5CF-16E,USR0037,41644.09,2026-03-14 09:41:49,Foreign-IP,iPhone 14,NEFT,Medical,1,25,Low,Suspicious location: Foreign-IP,1,66.3,Medium,41.5,9
D52F1243-C14,USR0021,183.02,2026-03-14 10:57:49,Hyderabad,Pixel 7,Wallet Transfer,Luxury Goods,0,0,Low,No anomalies detected,1,75.0,High,30.0,10
EBEB8D05-463,USR0015,699.47,2026-03-14 11:13:49,Surat,MacBook Pro,Wallet Transfer,Entertainment,0,0,Low,No anomalies detected,1,81.2,High,32.5,11
A960C61D-513,USR0017,1476.94,2026-03-14 11:18:49,Kolkata,iPad Air,IMPS,Medical,0,0,Low,No anomalies detected,0,52.8,Medium,21.1,11
399613AC-974,USR0027,1268.85,2026-03-14 12:19:49,Bangalore,Pixel 7,Wallet Transfer,Dining,0,0,Low,No anomalies detected,1,64.3,Medium,25.7,12
447CC2CD-9C9,USR0034,14340.7,2026-03-14 12:47:49,Ahmedabad,MacBook Pro,Wallet Transfer,Utilities,0,0,Low,No anomalies detected,1,75.6,High,30.2,12
1C357F55-C8A,USR0026,10708.55,2026-03-14 14:17:49,Delhi,MacBook Pro,IMPS,Electronics,0,0,Low,No anomalies detected,0,52.2,Medium,20.9,14
655FD66E-E56,USR0049,3990.92,2026-03-14 15:00:49,Chennai,MacBook Pro,IMPS,Utilities,0,0,Low,No anomalies detected,1,62.0,Medium,24.8,15
0E282B8C-7AE,USR0033,4183.34,2026-03-14 21:21:49,Hyderabad,iPhone 14,IMPS,Luxury Goods,0,0,Low,No anomalies detected,1,54.6,Medium,21.8,21
5FFEBBD0-C08,USR0010,4870.08,2026-03-14 22:40:49,Jaipur,OnePlus 11,UPI Transfer,Entertainment,0,0,Low,No anomalies detected,0,47.7,Medium,19.1,22
47FC4CFE-2E8,USR0001,10185.4,2026-03-14 22:45:49,Jaipur,Windows PC,Card Payment,Electronics,0,0,Low,No anomalies detected,0,51.3,Medium,20.5,22
1B1FDF4D-194,USR0045,12994.94,2026-03-14 23:01:49,Bangalore,Pixel 7,Card Payment,Utilities,0,0,Low,No anomalies detected,1,73.3,Medium,29.3,23
F74639F7-04B,USR0031,14330.94,2026-03-14 23:26:49,Hyderabad,Samsung Galaxy S23,NEFT,Entertainment,0,0,Low,No anomalies detected,0,49.1,Medium,19.6,23
5B5FD50C-01F,USR0014,7112.94,2026-03-14 23:52:49,Surat,iPhone 14,NEFT,Utilities,0,0,Low,No anomalies detected,1,61.9,Medium,24.8,23
9556A696-43A,USR0044,12950.75,2026-03-15 00:43:49,Mumbai,Samsung Galaxy S23,IMPS,Travel,0,10,Low,Off-hours transaction (00:00),0,45.5,Medium,24.2,0
5F547DFA-BC1,USR0024,11803.94,2026-03-15 00:45:49,Bangalore,Windows PC,Card Payment,Travel,0,10,Low,Off-hours transaction (00:00),1,56.2,Medium,28.5,0
0809BCBE-5D9,USR0035,13189.35,2026-03-15 00:56:49,Mumbai,iPad Air,Card Payment,Luxury Goods,0,10,Low,Off-hours transaction (00:00),1,55.5,Medium,28.2,0
8FDD1FE3-76A,USR0043,11462.92,2026-03-15 01:26:49,Delhi,iPhone 14,NEFT,Utilities,0,10,Low,Off-hours transaction (01:00),1,55.7,Medium,28.3,1
9FE80FA8-277,USR0013,153233.14,2026-03-15 01:31:49,Ahmedabad,Unknown Device,Wallet Transfer,Unknown Merchant,1,80,High,"High-value transaction (₹153,233) | Suspicious device: Unknown Device | Risky merchant category: Unknown Merchant | Off-hours transaction (01:00)",1,87.9,High,83.2,1
F21AA8DA-DB5,USR0025,14879.67,2026-03-15 01:35:49,Chennai,Samsung Galaxy S23,UPI Transfer,Entertainment,0,10,Low,Off-hours transaction (01:00),0,53.1,Medium,27.2,1
4BF417CD-D45,USR0032,39910.31,2026-03-15 02:06:49,Chennai,Jailbroken Device,Card Payment,Electronics,1,30,Medium,Suspicious device: Jailbroken Device | Off-hours transaction (02:00),1,74.3,Medium,47.7,2
30DA5B72-28E,USR0015,3582.48,2026-03-15 03:32:49,Surat,Pixel 7,Wallet Transfer,Luxury Goods,0,10,Low,Off-hours transaction (03:00),0,50.4,Medium,26.2,3
D6F4C567-C3D,USR0036,637.52,2026-03-15 04:02:49,Mumbai,Pixel 7,Wallet Transfer,Electronics,0,10,Low,Off-hours transaction (04:00),1,68.5,Medium,33.4,4
C920A171-A84,USR0039,4849.36,2026-03-15 05:54:49,Delhi,iPad Air,Card Payment,Utilities,0,10,Low,Off-hours transaction (05:00),0,54.3,Medium,27.7,5
52C95F51-8ED,USR0034,1911.74,2026-03-15 06:01:49,Surat,iPhone 14,Wallet Transfer,Groceries,0,0,Low,No anomalies detected,1,68.1,Medium,27.2,6
46AF1025-C8A,USR0009,1215.57,2026-03-15 06:02:49,Jaipur,OnePlus 11,IMPS,Dining,0,0,Low,No anomalies detected,1,58.9,Medium,23.6,6
069B2249-A3A,USR0034,12338.01,2026-03-15 06:39:49,Ahmedabad,iPhone 14,Wallet Transfer,Medical,0,0,Low,No anomalies detected,1,61.8,Medium,24.7,6
06F0C715-C2E,USR0042,10756.22,2026-03-15 07:31:49,Bangalore,MacBook Pro,RTGS,Entertainment,0,0,Low,No anomalies detected,0,46.4,Medium,18.6,7
059E8B21-A9E,USR0022,11203.69,2026-03-15 08:55:49,Ahmedabad,MacBook Pro,Card Payment,Utilities,0,0,Low,No anomalies detected,1,71.9,Medium,28.8,8
ED075BAD-4B5,USR0007,12488.93,2026-03-15 09:14:49,Chennai,Pixel 7,IMPS,Utilities,0,0,Low,No anomalies detected,0,48.9,Medium,19.6,9
54E2D128-135,USR0035,2710.98,2026-03-15 09:17:49,Jaipur,iPhone 14,NEFT,Travel,0,0,Low,No anomalies detected,1,55.6,Medium,22.2,9
01027955-53C,USR0007,28524.02,2026-03-15 09:36:49,Unknown,iPad Air,RTGS,Groceries,1,25,Low,Suspicious location: Unknown,1,56.6,Medium,37.6,9
F3A3FB4E-D12,USR0047,2310.18,2026-03-15 10:25:49,Ahmedabad,iPhone 14,Card Payment,Travel,0,0,Low,No anomalies detected,1,73.8,Medium,29.5,10
F6D98102-942,USR0028,2545.97,2026-03-15 11:21:49,Hyderabad,Samsung Galaxy S23,Card Payment,Travel,0,0,Low,No anomalies detected,0,48.3,Medium,19.3,11
BC02D61F-915,USR0020,3109.79,2026-03-15 12:50:49,Bangalore,iPhone 14,NEFT,Dining,0,0,Low,No anomalies detected,1,60.9,Medium,24.4,12
26283A2D-1E7,USR0020,1928.95,2026-03-15 14:15:49,Bangalore,iPhone 14,NEFT,Luxury Goods,0,0,Low,No anomalies detected,1,63.0,Medium,25.2,14
7AC40C4A-3E2,USR0009,13186.36,2026-03-15 14:19:49,Hyderabad,iPad Air,Wallet Transfer,Medical,0,0,Low,No anomalies detected,0,47.9,Medium,19.2,14
8B086429-9D1,USR0035,7338.83,2026-03-15 17:32:49,Hyderabad,Emulator,Wallet Transfer,Electronics,1,20,Low,Suspicious device: Emulator,1,57.8,Medium,35.1,17
8F47073D-3FB,USR0047,1585.98,2026-03-15 21:40:49,Pune,iPhone 14,UPI Transfer,Groceries,0,0,Low,No anomalies detected,1,78.2,High,31.3,21
601BF730-94E,USR0002,34990.48,2026-03-15 21:48:49,Bangalore,Unknown Device,UPI Transfer,Entertainment,1,20,Low,Suspicious device: Unknown Device,1,76.7,High,42.7,21
957DA97A-F6F,USR0028,6432.22,2026-03-15 22:21:49,Delhi,iPad Air,Card Payment,Medical,0,0,Low,No anomalies detected,0,52.9,Medium,21.2,22
859CCF8B-BF3,USR0026,13845.53,2026-03-15 22:44:49,Bangalore,iPad Air,UPI Transfer,Entertainment,0,0,Low,No anomalies detected,1,63.9,Medium,25.6,22
E23EABB0-C0C,USR0048,894.7,2026-03-16 01:21:49,Chennai,Samsung Galaxy S23,IMPS,Travel,0,10,Low,Off-hours transaction (01:00),0,52.2,Medium,26.9,1
41E4EE18-702,USR0021,724.82,2026-03-16 02:11:49,Hyderabad,Windows PC,Wallet Transfer,Entertainment,0,10,Low,Off-hours transaction (02:00),1,58.6,Medium,29.4,2
3661E43F-AAB,USR0008,197.11,2026-03-16 02:33:49,Jaipur,Windows PC,Card Payment,Travel,0,10,Low,Off-hours transaction (02:00),1,79.8,High,37.9,2
6EB5AAB0-086,USR0023,1170.17,2026-03-16 09:27:49,Chennai,MacBook Pro,RTGS,Dining,0,0,Low,No anomalies detected,1,58.5,Medium,23.4,9
213D1557-637,USR0042,417.22,2026-03-16 11:09:49,Mumbai,MacBook Pro,IMPS,Utilities,0,0,Low,No anomalies detected,1,76.6,High,30.6,11
6C1AD7F0-0A1,USR0013,30280.64,2026-03-16 13:39:49,VPN-Detected,Windows PC,Card Payment,Medical,1,25,Low,Suspicious location: VPN-Detected,1,57.7,Medium,38.1,13
E50D48A4-568,USR0023,126606.28,2026-03-16 13:56:49,Delhi,iPhone 14,NEFT,Crypto Exchange,1,50,Medium,"High-value transaction (₹126,606) | Risky merchant category: Crypto Exchange",1,59.4,Medium,53.8,13
1D238C19-8CD,USR0048,782.12,2026-03-16 14:38:49,Mumbai,Pixel 7,RTGS,Dining,0,0,Low,No anomalies detected,1,59.4,Medium,23.8,14
3EA7CEEB-1E5,USR0024,1713.73,2026-03-16 14:47:49,Hyderabad,iPad Air,UPI Transfer,Utilities,0,0,Low,No anomalies detected,1,56.5,Medium,22.6,14
063B0DFB-327,USR0025,497647.99,2026-03-16 16:15:49,Chennai,iPhone 14,Wallet Transfer,Utilities,1,35,Medium,"High-value transaction (₹497,648)",1,75.5,High,51.2,16
251D1786-2DE,USR0025,221157.79,2026-03-16 18:17:49,Bangalore,iPad Air,NEFT,Dining,1,35,Medium,"High-value transaction (₹221,158)",1,65.1,Medium,47.0,18
08B4142F-339,USR0007,99030.16,2026-03-16 21:11:49,Bangalore,Unknown Device,IMPS,Unknown Merchant,1,70,High,"High-value transaction (₹99,030) | Suspicious device: Unknown Device | Risky merchant category: Unknown Merchant",1,82.8,High,75.1,21
3F33EA3C-3C6,USR0039,5820.41,2026-03-16 21:31:49,Pune,iPad Air,Wallet Transfer,Electronics,0,0,Low,No anomalies detected,0,52.6,Medium,21.0,21
BC2A252C-3A0,USR0042,6980.4,2026-03-16 22:00:49,Bangalore,Pixel 7,Card Payment,Groceries,0,0,Low,No anomalies detected,0,47.8,Medium,19.1,22
9540292F-08C,USR0010,8457.19,2026-03-16 23:08:49,Hyderabad,Pixel 7,Card Payment,Dining,0,0,Low,No anomalies detected,0,53.9,Medium,21.6,23
ECF04BCE-BEB,USR0042,285.03,2026-03-17 03:11:49,Hyderabad,iPhone 14,Wallet Transfer,Luxury Goods,0,10,Low,Off-hours transaction (03:00),1,72.7,Medium,35.1,3
9516B984-0C0,USR0037,171139.61,2026-03-17 03:29:49,Bangalore,MacBook Pro,IMPS,Groceries,1,45,Medium,"High-value transaction (₹171,140) | Off-hours transaction (03:00)",0,47.5,Medium,46.0,3
CC6216C5-04B,USR0017,507.44,2026-03-17 03:50:49,Surat,Windows PC,Card Payment,Groceries,0,10,Low,Off-hours transaction (03:00),1,66.4,Medium,32.6,3
FCBF7B99-D62,USR0035,95474.3,2026-03-17 12:47:49,Kolkata,iPad Air,Wallet Transfer,Utilities,1,35,Medium,"High-value transaction (₹95,474)",0,51.6,Medium,41.6,12
2C468DC2-96D,USR0012,47399.58,2026-03-17 13:57:49,Foreign-IP,iPhone 14,IMPS,Groceries,1,25,Low,Suspicious location: Foreign-IP,1,60.7,Medium,39.3,13
CB103E7A-0CF,USR0023,16929.53,2026-03-17 17:54:49,Foreign-IP,Samsung Galaxy S23,Card Payment,Dining,1,25,Low,Suspicious location: Foreign-IP,1,68.9,Medium,42.6,17
B36783F6-240,USR0043,301280.2,2026-03-17 20:36:49,Kolkata,OnePlus 11,Card Payment,Travel,1,35,Medium,"High-value transaction (₹301,280)",1,57.0,Medium,43.8,20
1D17C539-63D,USR0021,186623.91,2026-03-17 21:03:49,Hyderabad,Samsung Galaxy S23,UPI Transfer,Electronics,1,35,Medium,"High-value transaction (₹186,624)",0,51.1,Medium,41.4,21
958283BA-944,USR0026,9845.96,2026-03-17 21:32:49,Bangalore,Pixel 7,Card Payment,Dining,0,0,Low,No anomalies detected,0,52.5,Medium,21.0,21
586515A8-E2A,USR0011,1597.68,2026-03-17 21:40:49,Chennai,iPhone 14,Wallet Transfer,Utilities,0,0,Low,No anomalies detected,1,72.5,Medium,29.0,21
00FC293C-E88,USR0028,51117.18,2026-03-17 22:49:49,VPN-Detected,Windows PC,Card Payment,Travel,1,60,High,"High-value transaction (₹51,117) | Suspicious location: VPN-Detected",1,72.9,High,65.2,22
96E09280-47B,USR0020,4258.48,2026-03-17 23:05:49,Surat,Windows PC,Card Payment,Groceries,0,0,Low,No anomalies detected,0,50.0,Medium,20.0,23
09C5C5ED-70D,USR0037,13961.07,2026-03-17 23:38:49,Delhi,iPhone 14,UPI Transfer,Travel,0,0,Low,No anomalies detected,1,55.0,Medium,22.0,23
38481646-E00,USR0029,6795.0,2026-03-18 01:42:49,Surat,iPhone 14,UPI Transfer,Dining,0,10,Low,Off-hours transaction (01:00),0,48.6,Medium,25.4,1
C1D406F2-E2F,USR0007,145958.17,2026-03-18 04:37:49,Mumbai,iPad Air,NEFT,Unknown Merchant,1,60,High,"High-value transaction (₹145,958) | Risky merchant category: Unknown Merchant | Off-hours transaction (04:00)",0,43.1,High,53.2,4
49FD447E-B66,USR0010,349.12,2026-03-18 04:51:49,Kolkata,iPad Air,Wallet Transfer,Travel,0,10,Low,Off-hours transaction (04:00),1,65.2,Medium,32.1,4
BEE0A1C0-3FB,USR0049,297078.55,2026-03-18 04:58:49,Jaipur,iPhone 14,Wallet Transfer,Groceries,1,45,Medium,"High-value transaction (₹297,079) | Off-hours transaction (04:00)",0,48.4,Medium,46.4,4
2F600D3E-445,USR0027,516.76,2026-03-18 10:11:49,Ahmedabad,iPhone 14,Wallet Transfer,Utilities,0,0,Low,No anomalies detected,1,82.2,High,32.9,10
713CFE85-B2C,USR0002,381371.86,2026-03-18 11:14:49,Hyderabad,iPad Air,IMPS,Entertainment,1,35,Medium,"High-value transaction (₹381,372)",0,36.7,Medium,35.7,11
974216EE-4AE,USR0049,414108.88,2026-03-18 17:02:49,Surat,iPhone 14,RTGS,Travel,1,35,Medium,"High-value transaction (₹414,109)",0,50.3,Medium,41.1,17
7298C5A3-315,USR0001,293174.07,2026-03-18 17:19:49,Bangalore,Pixel 7,Wallet Transfer,Electronics,1,35,Medium,"High-value transaction (₹293,174)",0,51.4,Medium,41.6,17
0C44C387-001,USR0037,346306.75,2026-03-18 17:41:49,Bangalore,MacBook Pro,Wallet Transfer,Luxury Goods,1,35,Medium,"High-value transaction (₹346,307)",1,57.6,Medium,44.0,17
EB4D97DF-D10,USR0032,482840.54,2026-03-18 20:33:49,Delhi,MacBook Pro,IMPS,Luxury Goods,1,35,Medium,"High-value transaction (₹482,841)",0,50.5,Medium,41.2,20
5ACDFFE4-2F9,USR0013,1894.87,2026-03-19 01:16:49,Pune,iPhone 14,IMPS,Dining,0,10,Low,Off-hours transaction (01:00),1,56.3,Medium,28.5,1
17A63481-520,USR0029,833.29,2026-03-19 03:26:49,Ahmedabad,Windows PC,NEFT,Dining,0,10,Low,Off-hours transaction (03:00),1,56.6,Medium,28.6,3
A84A53A7-A35,USR0037,47423.13,2026-03-19 10:55:49,Ahmedabad,Jailbroken Device,Wallet Transfer,Luxury Goods,1,20,Low,Suspicious device: Jailbroken Device,1,57.7,Medium,35.1,10
39019105-B20,USR0007,252771.34,2026-03-19 12:51:49,Jaipur,Samsung Galaxy S23,Wallet Transfer,Luxury Goods,1,35,Medium,"High-value transaction (₹252,771)",0,34.2,Medium,34.7,12
8C107ECE-171,USR0037,800.23,2026-03-19 13:35:49,Jaipur,MacBook Pro,Wallet Transfer,Dining,0,0,Low,No anomalies detected,1,64.9,Medium,26.0,13
1E4E6A8D-844,USR0014,29124.12,2026-03-19 18:26:49,VPN-Detected,Windows PC,Wallet Transfer,Luxury Goods,1,25,Low,Suspicious location: VPN-Detected,1,56.5,Medium,37.6,18
08A9541B-B5B,USR0025,33591.0,2026-03-19 18:45:49,VPN-Detected,iPhone 14,UPI Transfer,Utilities,1,25,Low,Suspicious location: VPN-Detected,1,71.2,Medium,43.5,18
440C4986-F34,USR0024,65091.9,2026-03-19 19:22:49,Unknown,OnePlus 11,Card Payment,Luxury Goods,1,60,High,"High-value transaction (₹65,092) | Suspicious location: Unknown",1,61.7,High,60.7,19
91BE973F-1B8,USR0032,323172.28,2026-03-19 20:17:49,Delhi,iPhone 14,NEFT,Electronics,1,35,Medium,"High-value transaction (₹323,172)",0,52.4,Medium,42.0,20
B82C3FA5-B08,USR0037,14717.74,2026-03-19 22:24:49,Pune,iPad Air,RTGS,Electronics,0,0,Low,No anomalies detected,0,45.3,Medium,18.1,22
212DE2DD-BC8,USR0002,981.28,2026-03-19 22:37:49,Kolkata,iPhone 14,NEFT,Groceries,0,0,Low,No anomalies detected,1,58.2,Medium,23.3,22
3259C25F-568,USR0020,43414.01,2026-03-19 22:47:49,Ahmedabad,Jailbroken Device,UPI Transfer,Unknown Merchant,1,35,Medium,Suspicious device: Jailbroken Device | Risky merchant category: Unknown Merchant,1,74.4,Medium,50.8,22
72384B45-1A1,USR0034,102487.41,2026-03-19 22:59:49,Ahmedabad,Unknown Device,IMPS,Unknown Merchant,1,70,High,"High-value transaction (₹102,487) | Suspicious device: Unknown Device | Risky merchant category: Unknown Merchant",1,79.0,High,73.6,22
B2F92DD7-98E,USR0049,51802.33,2026-03-20 02:06:49,VPN-Detected,Windows PC,NEFT,Travel,1,70,High,"High-value transaction (₹51,802) | Suspicious location: VPN-Detected | Off-hours transaction (02:00)",0,49.1,High,61.6,2
52792544-C5E,USR0007,20958.37,2026-03-20 02:34:49,VPN-Detected,iPhone 14,Card Payment,Unknown Merchant,1,50,Medium,Suspicious location: VPN-Detected | Risky merchant category: Unknown Merchant | Off-hours transaction (02:00),1,74.4,Medium,59.8,2
C7B6DA7E-49F,USR0028,57318.57,2026-03-20 06:03:49,Foreign-IP,OnePlus 11,RTGS,Groceries,1,60,High,"High-value transaction (₹57,319) | Suspicious location: Foreign-IP",0,41.1,High,52.4,6
7ACDD9AD-F7D,USR0001,331.4,2026-03-20 10:04:49,Bangalore,Pixel 7,IMPS,Medical,0,0,Low,No anomalies detected,1,56.8,Medium,22.7,10
4584BF48-B4B,USR0024,13280.32,2026-03-20 11:49:49,Bangalore,MacBook Pro,Card Payment,Dining,0,0,Low,No anomalies detected,0,49.8,Medium,19.9,11
685DD20B-DFC,USR0020,56670.42,2026-03-20 11:53:49,Ahmedabad,iPad Air,IMPS,Unknown Merchant,1,50,Medium,"High-value transaction (₹56,670) | Risky merchant category: Unknown Merchant",1,59.3,Medium,53.7,11
D6FC7666-DBB,USR0028,228361.53,2026-03-20 14:19:49,Hyderabad,Pixel 7,Card Payment,Entertainment,1,35,Medium,"High-value transaction (₹228,362)",0,37.0,Medium,35.8,14
84016352-7E0,USR0034,469545.38,2026-03-20 16:23:49,Kolkata,Samsung Galaxy S23,IMPS,Travel,1,35,Medium,"High-value transaction (₹469,545)",0,35.0,Medium,35.0,16
12508053-B8A,USR0018,13113.4,2026-03-21 01:19:49,Mumbai,OnePlus 11,NEFT,Dining,0,10,Low,Off-hours transaction (01:00),0,47.4,Medium,25.0,1
BAB8F50E-CEA,USR0046,10087.4,2026-03-21 01:22:49,Ahmedabad,Windows PC,Card Payment,Electronics,0,10,Low,Off-hours transaction (01:00),0,53.7,Medium,27.5,1
5805617C-2FE,USR0032,10245.75,2026-03-21 01:31:49,Jaipur,MacBook Pro,Wallet Transfer,Travel,0,10,Low,Off-hours transaction (01:00),0,51.5,Medium,26.6,1
C9EF8472-485,USR0025,189795.08,2026-03-21 04:02:49,Bangalore,Samsung Galaxy S23,UPI Transfer,Utilities,1,45,Medium,"High-value transaction (₹189,795) | Off-hours transaction (04:00)",1,65.8,Medium,53.3,4
82726631-C56,USR0025,329509.09,2026-03-21 04:05:49,Chennai,Windows PC,UPI Transfer,Dining,1,75,High,"High-value transaction (₹329,509) | Rapid transaction burst detected | Off-hours transaction (04:00)",1,58.5,High,68.4,4
41A92C90-C7C,USR0025,496006.79,2026-03-21 04:05:49,Bangalore,Pixel 7,UPI Transfer,Groceries,1,75,High,"High-value transaction (₹496,007) | Rapid transaction burst detected | Off-hours transaction (04:00)",0,50.9,High,65.4,4
A542CACF-0AC,USR0025,269785.74,2026-03-21 04:06:49,Delhi,Samsung Galaxy S23,RTGS,Luxury Goods,1,75,High,"High-value transaction (₹269,786) | Rapid transaction burst detected | Off-hours transaction (04:00)",0,38.4,High,60.4,4
6E468567-363,USR0018,1866.96,2026-03-21 04:08:49,Kolkata,iPhone 14,Wallet Transfer,Dining,0,10,Low,Off-hours transaction (04:00),1,71.8,Medium,34.7,4
3198CB96-221,USR0025,240827.13,2026-03-21 04:11:49,Bangalore,Windows PC,NEFT,Entertainment,1,75,High,"High-value transaction (₹240,827) | Rapid transaction burst detected | Off-hours transaction (04:00)",0,50.2,High,65.1,4
A1E9853D-B09,USR0025,250738.35,2026-03-21 04:12:49,Chennai,Samsung Galaxy S23,RTGS,Travel,1,75,High,"High-value transaction (₹250,738) | Rapid transaction burst detected | Off-hours transaction (04:00)",0,46.1,High,63.4,4
C9DFD226-FED,USR0005,2550.78,2026-03-21 04:14:49,Chennai,iPhone 14,RTGS,Electronics,0,10,Low,Off-hours transaction (04:00),0,52.4,Medium,27.0,4
03F6D937-8EF,USR0015,14021.52,2026-03-21 05:32:49,Chennai,MacBook Pro,NEFT,Entertainment,0,10,Low,Off-hours transaction (05:00),0,47.1,Medium,24.8,5
BE6D6E15-2AD,USR0043,22008.67,2026-03-21 08:44:49,VPN-Detected,Pixel 7,RTGS,Medical,1,25,Low,Suspicious location: VPN-Detected,0,51.2,Medium,35.5,8
7DF0D8A8-0E4,USR0028,98193.75,2026-03-21 10:35:49,Delhi,iPhone 14,RTGS,Groceries,1,35,Medium,"High-value transaction (₹98,194)",1,54.9,Medium,43.0,10
FF6C6BEC-CC9,USR0021,43261.67,2026-03-21 12:14:49,Delhi,Unknown Device,IMPS,Unknown Merchant,1,35,Medium,Suspicious device: Unknown Device | Risky merchant category: Unknown Merchant,1,66.5,Medium,47.6,12
7462CEB2-232,USR0045,4274.12,2026-03-21 12:17:49,Surat,iPad Air,Card Payment,Groceries,0,0,Low,No anomalies detected,0,49.7,Medium,19.9,12
1D8BE2A3-0B9,USR0032,11422.65,2026-03-21 12:22:49,Hyderabad,iPhone 14,NEFT,Utilities,0,0,Low,No anomalies detected,0,47.3,Medium,18.9,12
44301228-C0E,USR0039,189362.11,2026-03-21 12:37:49,Jaipur,Samsung Galaxy S23,Card Payment,Unknown Merchant,1,50,Medium,"High-value transaction (₹189,362) | Risky merchant category: Unknown Merchant",1,55.0,Medium,52.0,12
0F44055C-829,USR0028,12870.79,2026-03-21 12:44:49,Delhi,OnePlus 11,Card Payment,Entertainment,0,0,Low,No anomalies detected,0,46.1,Medium,18.4,12
8F59096B-6E6,USR0020,188652.41,2026-03-21 13:02:49,Chennai,iPhone 14,Wallet Transfer,Travel,1,35,Medium,"High-value transaction (₹188,652)",1,70.8,Medium,49.3,13
6B983483-BBF,USR0020,352890.63,2026-03-21 13:03:49,Kolkata,iPad Air,UPI Transfer,Medical,1,35,Medium,"High-value transaction (₹352,891)",0,49.2,Medium,40.7,13
9E381E37-F26,USR0035,5127.11,2026-03-21 13:04:49,Mumbai,iPhone 14,Card Payment,Electronics,0,0,Low,No anomalies detected,0,46.4,Medium,18.6,13
A3C7665B-A18,USR0020,473273.32,2026-03-21 13:06:49,Chennai,Windows PC,IMPS,Utilities,1,65,High,"High-value transaction (₹473,273) | Rapid transaction burst detected",1,59.8,High,62.9,13
031215CC-BFC,USR0020,311784.34,2026-03-21 13:09:49,Jaipur,Pixel 7,IMPS,Medical,1,65,High,"High-value transaction (₹311,784) | Rapid transaction burst detected",0,42.8,High,56.1,13
22D34AE8-D99,USR0020,430797.25,2026-03-21 13:10:49,Hyderabad,Samsung Galaxy S23,NEFT,Luxury Goods,1,65,High,"High-value transaction (₹430,797) | Rapid transaction burst detected",0,38.7,High,54.5,13
105DB7AF-02B,USR0020,155658.51,2026-03-21 13:11:49,Mumbai,Windows PC,NEFT,Luxury Goods,1,65,High,"High-value transaction (₹155,659) | Rapid transaction burst detected",0,42.2,High,55.9,13
E555D219-A93,USR0020,200307.22,2026-03-21 13:12:49,Bangalore,OnePlus 11,RTGS,Entertainment,1,65,High,"High-value transaction (₹200,307) | Rapid transaction burst detected",0,54.0,High,60.6,13
D2D36CDF-173,USR0002,95808.23,2026-03-21 15:01:49,Delhi,iPhone 14,NEFT,Utilities,1,35,Medium,"High-value transaction (₹95,808)",1,67.6,Medium,48.0,15
