transaction_id,user_id,amount,timestamp,location,device,transaction_type,merchant_category,is_fraud
70036800-7ED,USR0028,181060.93,2026-02-19 17:01:49,Delhi,iPad Air,NEFT,Crypto Exchange,1
15978894-CC7,USR0028,9224.67,2026-02-19 20:07:49,Hyderabad,Unknown Device,Card Payment,Dining,1
9866F432-DA9,USR0030,12070.83,2026-02-19 21:26:49,Pune,Pixel 7,UPI Transfer,Medical,0
82BD4BD2-9CA,USR0049,3244.92,2026-02-19 22:08:49,Mumbai,Windows PC,Wallet Transfer,Entertainment,0
FBAD1CF7-FD2,USR0042,6378.94,2026-02-19 22:23:49,Hyderabad,MacBook Pro,UPI Transfer,Travel,0
638317BF-886,USR0041,7425.47,2026-02-19 23:57:49,Hyderabad,iPhone 14,RTGS,Travel,0
7493DFA6-081,USR0024,1331.29,2026-02-20 00:09:49,Ahmedabad,OnePlus 11,RTGS,Dining,0
EA5057A1-B90,USR0021,8769.52,2026-02-20 00:14:49,Jaipur,OnePlus 11,RTGS,Entertainment,0
B67293BA-5E9,USR0025,153309.12,2026-02-20 00:31:49,Jaipur,Pixel 7,RTGS,Unknown Merchant,1
1F53666C-D97,USR0024,11069.32,2026-02-20 01:47:49,Bangalore,iPhone 14,Card Payment,Electronics,0
0177846A-809,USR0032,9883.84,2026-02-20 01:51:49,Hyderabad,Windows PC,Card Payment,Medical,0
9BEB2854-EB4,USR0012,3345.34,2026-02-20 02:38:49,Mumbai,Pixel 7,Wallet Transfer,Luxury Goods,0
B919717F-DE4,USR0003,4333.1,2026-02-20 03:14:49,Hyderabad,MacBook Pro,RTGS,Travel,0
B49CE9DB-0CD,USR0021,30298.64,2026-02-20 03:32:49,Unknown,Windows PC,IMPS,Utilities,1
3CD4A7FB-AB4,USR0049,11019.81,2026-02-20 04:56:49,Kolkata,Samsung Galaxy S23,NEFT,Groceries,0
A276B551-0D3,USR0048,13828.84,2026-02-20 05:45:49,Kolkata,Samsung Galaxy S23,UPI Transfer,Entertainment,0
765D6CCE-2FE,USR0012,7044.53,2026-02-20 08:56:49,Kolkata,OnePlus 11,Card Payment,Dining,0
722F1C1F-275,USR0039,471089.47,2026-02-20 10:04:49,Delhi,MacBook Pro,IMPS,Travel,1
786FE541-8A6,USR0035,79391.04,2026-02-20 10:59:49,Chennai,Windows PC,NEFT,Unknown Merchant,1
11CA45C6-ABB,USR0028,142240.34,2026-02-20 11:46:49,Ahmedabad,MacBook Pro,UPI Transfer,Crypto Exchange,1
72EA8D65-D71,USR0049,9287.52,2026-02-20 11:53:49,Surat,iPad Air,RTGS,Utilities,0
23C86B9C-F53,USR0014,45749.23,2026-02-20 11:58:49,Delhi,Jailbroken Device,IMPS,Electronics,1
744ED88E-AA8,USR0039,136728.77,2026-02-20 13:15:49,Chennai,MacBook Pro,Wallet Transfer,Unknown Merchant,1
0EA34DA4-837,USR0043,148972.46,2026-02-20 13:38:49,Bangalore,Windows PC,UPI Transfer,Crypto Exchange,1
F48D22F2-D91,USR0023,2221.79,2026-02-20 14:09:49,Ahmedabad,Samsung Galaxy S23,RTGS,Medical,0
A44CF2D8-396,USR0011,8429.04,2026-02-20 14:30:49,Mumbai,MacBook Pro,Card Payment,Travel,0
6D520349-071,USR0019,5077.42,2026-02-20 14:55:49,Ahmedabad,OnePlus 11,NEFT,Electronics,0
EC63706D-9C9,USR0005,11019.87,2026-02-20 21:56:49,Hyderabad,iPhone 14,RTGS,Electronics,0
E9E52DE3-39F,USR0044,11879.8,2026-02-20 22:49:49,Jaipur,iPhone 14,NEFT,Electronics,0
254F45CA-931,USR0027,13465.96,2026-02-20 23:19:49,Jaipur,MacBook Pro,UPI Transfer,Luxury Goods,0
65B15E3B-A4D,USR0035,22383.31,2026-02-20 23:29:49,Chennai,OnePlus 11,UPI Transfer,Unknown Merchant,1
E2B85C0E-855,USR0047,13818.78,2026-02-20 23:49:49,Ahmedabad,Windows PC,RTGS,Luxury Goods,0
75C48C68-DEF,USR0013,69917.42,2026-02-21 00:13:49,VPN-Detected,Pixel 7,IMPS,Luxury Goods,1
6FDCCFF5-4F8,USR0024,8765.95,2026-02-21 00:44:49,Ahmedabad,Pixel 7,Wallet Transfer,Travel,0
1D75D495-74A,USR0032,10090.43,2026-02-21 03:02:49,Ahmedabad,Pixel 7,Card Payment,Dining,0
C01AA72B-A7E,USR0016,4565.67,2026-02-21 03:11:49,Hyderabad,Samsung Galaxy S23,Wallet Transfer,Dining,0
BE7C13C5-C4B,USR0043,14031.14,2026-02-21 05:07:49,Mumbai,OnePlus 11,Wallet Transfer,Electronics,0
61D97E43-2C5,USR0035,8169.08,2026-02-21 06:04:49,Kolkata,iPhone 14,Wallet Transfer,Medical,0
B81AD5A7-01C,USR0042,4111.77,2026-02-21 06:09:49,Chennai,MacBook Pro,RTGS,Utilities,0
98D3C53D-CE5,USR0029,9430.16,2026-02-21 06:41:49,Delhi,iPhone 14,RTGS,Groceries,0
CFCD2977-945,USR0036,5783.69,2026-02-21 06:56:49,Delhi,iPad Air,Card Payment,Dining,0
1459CAAC-745,USR0007,8114.65,2026-02-21 07:19:49,Ahmedabad,MacBook Pro,UPI Transfer,Luxury Goods,0
2967BA45-B8F,USR0018,13377.64,2026-02-21 09:55:49,Delhi,OnePlus 11,Card Payment,Utilities,0
8B8C4872-737,USR0038,9354.77,2026-02-21 11:34:49,Pune,Windows PC,Card Payment,Utilities,0
B88DD71E-7B5,USR0013,797.2,2026-02-21 12:33:49,Chennai,Windows PC,UPI Transfer,Electronics,0
2BE870C5-A7B,USR0020,12722.07,2026-02-21 14:14:49,Pune,MacBook Pro,IMPS,Travel,0
C6FF894B-997,USR0046,6686.67,2026-02-21 14:15:49,Mumbai,Pixel 7,RTGS,Electronics,0
DE4B063B-257,USR0014,9790.84,2026-02-21 14:47:49,Unknown,Samsung Galaxy S23,Card Payment,Travel,1
0AD90649-546,USR0023,10725.12,2026-02-21 21:08:49,Ahmedabad,Samsung Galaxy S23,Wallet Transfer,Luxury Goods,0
A0F11C20-4C0,USR0008,9096.48,2026-02-21 21:11:49,Delhi,iPad Air,UPI Transfer,Dining,0
DEF74CCE-4CB,USR0007,13994.2,2026-02-21 21:41:49,Delhi,Windows PC,RTGS,Electronics,0
067037F5-E60,USR0011,4171.46,2026-02-21 21:45:49,Ahmedabad,MacBook Pro,NEFT,Dining,0
BD89F54C-8B2,USR0034,28376.11,2026-02-21 21:53:49,Jaipur,Emulator,Card Payment,Entertainment,1
A9DE12B3-B57,USR0004,6634.48,2026-02-21 22:10:49,Chennai,iPhone 14,IMPS,Medical,0
21623467-6B0,USR0043,14081.72,2026-02-21 23:18:49,Hyderabad,Windows PC,RTGS,Medical,0
BF8589AA-673,USR0006,10859.48,2026-02-21 23:34:49,Pune,iPhone 14,UPI Transfer,Travel,0
4260FBAB-630,USR0046,13252.57,2026-02-22 00:11:49,Bangalore,Pixel 7,NEFT,Dining,0
19A4B054-E04,USR0027,7020.06,2026-02-22 00:32:49,Pune,Pixel 7,Wallet Transfer,Luxury Goods,0
726A6E90-82A,USR0024,11521.43,2026-02-22 00:34:49,Kolkata,Windows PC,Card Payment,Travel,0
9A33313D-5C6,USR0017,11001.34,2026-02-22 01:19:49,Delhi,MacBook Pro,UPI Transfer,Dining,0
91389FEC-85B,USR0036,1352.02,2026-02-22 01:50:49,Ahmedabad,iPad Air,IMPS,Dining,0
DD467C37-278,USR0047,8908.11,2026-02-22 02:22:49,Mumbai,Pixel 7,NEFT,Groceries,0
89565D76-85E,USR0034,14187.8,2026-02-22 03:12:49,Chennai,OnePlus 11,NEFT,Utilities,0
20E619F0-D4C,USR0045,142.7,2026-02-22 04:25:49,Mumbai,MacBook Pro,Wallet Transfer,Luxury Goods,0
A902BCCC-FBB,USR0043,461437.05,2026-02-22 06:00:49,Jaipur,iPhone 14,RTGS,Groceries,1
BBDF684F-BFC,USR0047,7655.2,2026-02-22 07:12:49,Chennai,Windows PC,RTGS,Electronics,0
B7C1FF45-B7C,USR0043,4708.69,2026-02-22 07:16:49,Hyderabad,Samsung Galaxy S23,IMPS,Electronics,0
606C5DD8-4CC,USR0043,7080.48,2026-02-22 08:31:49,Jaipur,Pixel 7,Card Payment,Electronics,0
4A523202-EA8,USR0024,7634.09,2026-02-22 08:37:49,Kolkata,OnePlus 11,Card Payment,Dining,0
232F4D7C-F2A,USR0013,8317.31,2026-02-22 08:47:49,Chennai,Windows PC,RTGS,Luxury Goods,0
AE40F9F3-E84,USR0012,2086.45,2026-02-22 08:55:49,Kolkata,iPhone 14,Card Payment,Luxury Goods,0
57E8B033-F3B,USR0041,5069.41,2026-02-22 09:00:49,Chennai,Samsung Galaxy S23,NEFT,Entertainment,0
C014CD99-AA4,USR0047,9364.82,2026-02-22 09:22:49,Bangalore,Pixel 7,Card Payment,Dining,0
F85940B3-D43,USR0037,330578.15,2026-02-22 10:08:49,Mumbai,MacBook Pro,UPI Transfer,Groceries,1
184FE91F-D6B,USR0012,4639.15,2026-02-22 10:45:49,Ahmedabad,MacBook Pro,RTGS,Travel,0
EB58919F-26A,USR0049,4225.29,2026-02-22 10:54:49,Ahmedabad,OnePlus 11,NEFT,Medical,0
B67CF207-AAF,USR0029,1588.15,2026-02-22 12:14:49,Surat,Samsung Galaxy S23,Wallet Transfer,Luxury Goods,0
AC194AFA-FC3,USR0026,14442.07,2026-02-22 12:26:49,Surat,OnePlus 11,NEFT,Entertainment,0
44455721-6C4,USR0027,1237.06,2026-02-22 12:42:49,Pune,Windows PC,IMPS,Luxury Goods,0
EEAC52BF-6F9,USR0023,7996.14,2026-02-22 13:59:49,Foreign-IP,Windows PC,RTGS,Entertainment,1
89EE933D-56A,USR0039,82080.25,2026-02-22 16:10:49,Bangalore,iPhone 14,Card Payment,Unknown Merchant,1
F3910AD1-3B3,USR0023,13363.92,2026-02-22 21:24:49,Bangalore,Windows PC,IMPS,Groceries,0
D9418354-F5A,USR0035,5277.18,2026-02-22 21:43:49,Surat,MacBook Pro,IMPS,Electronics,0
DAD6AFF5-564,USR0021,25885.53,2026-02-22 22:04:49,Delhi,Windows PC,NEFT,Unknown Merchant,1
429781DD-A18,USR0024,5799.59,2026-02-22 22:43:49,Pune,Samsung Galaxy S23,IMPS,Dining,0
49F72B58-258,USR0007,297784.23,2026-02-22 22:50:49,Mumbai,OnePlus 11,Wallet Transfer,Luxury Goods,1
D45DD8E7-01A,USR0001,10702.98,2026-02-22 23:43:49,Pune,Windows PC,RTGS,Electronics,0
E6E60D61-54E,USR0037,3655.35,2026-02-23 00:50:49,Surat,OnePlus 11,RTGS,Utilities,0
6F48D3D3-FBF,USR0009,415.17,2026-02-23 00:52:49,Bangalore,MacBook Pro,Wallet Transfer,Groceries,0
FD70DB98-11F,USR0035,56341.83,2026-02-23 01:48:49,Jaipur,Emulator,Wallet Transfer,Utilities,1
EBDBB3E7-7C3,USR0048,607.73,2026-02-23 01:57:49,Pune,iPhone 14,RTGS,Travel,0
CCB5A993-2C4,USR0036,779.63,2026-02-23 02:16:49,Hyderabad,MacBook Pro,UPI Transfer,Travel,0
485542BD-8BE,USR0028,3988.54,2026-02-23 03:38:49,Chennai,iPad Air,Wallet Transfer,Dining,0
749C6A39-48D,USR0048,13422.06,2026-02-23 04:03:49,Bangalore,MacBook Pro,UPI Transfer,Luxury Goods,0
51EC71B2-E91,USR0019,14447.49,2026-02-23 04:09:49,Chennai,Windows PC,Card Payment,Medical,0
D79B7E1A-6C5,USR0040,3834.99,2026-02-23 04:16:49,Chennai,MacBook Pro,RTGS,Luxury Goods,0
B96B18CC-91C,USR0026,11932.08,2026-02-23 06:12:49,Ahmedabad,Windows PC,Card Payment,Utilities,0
FBCBD83D-4F3,USR0014,12986.91,2026-02-23 06:13:49,Pune,iPad Air,Card Payment,Medical,0
088E1C7C-C9D,USR0015,1236.72,2026-02-23 06:24:49,Kolkata,iPhone 14,IMPS,Electronics,0
3594729E-ED2,USR0032,12228.53,2026-02-23 07:15:49,Jaipur,iPad Air,IMPS,Entertainment,0
01418962-995,USR0017,10475.1,2026-02-23 07:42:49,Bangalore,MacBook Pro,NEFT,Medical,0
CCB05B9F-12D,USR0017,10436.37,2026-02-23 07:43:49,Ahmedabad,OnePlus 11,Card Payment,Dining,0
ADA7C3AD-A7F,USR0048,12814.62,2026-02-23 08:10:49,Pune,iPad Air,RTGS,Groceries,0
ED9EE5F7-9AB,USR0004,2776.53,2026-02-23 08:32:49,Mumbai,iPhone 14,Wallet Transfer,Medical,0
C9E3AF90-2FC,USR0044,5708.01,2026-02-23 08:54:49,Surat,MacBook Pro,Card Payment,Travel,0
9716E6F1-E33,USR0001,5741.62,2026-02-23 09:16:49,Delhi,Pixel 7,UPI Transfer,Travel,0
99AA3B8E-590,USR0019,10827.15,2026-02-23 10:20:49,Chennai,iPad Air,IMPS,Medical,0
AA6604D7-963,USR0009,6004.99,2026-02-23 10:29:49,Ahmedabad,Pixel 7,UPI Transfer,Groceries,0
AE1D5305-D21,USR0032,2628.79,2026-02-23 11:22:49,Chennai,Samsung Galaxy S23,UPI Transfer,Entertainment,0
1AC44801-1FF,USR0033,12234.12,2026-02-23 11:38:49,Bangalore,Samsung Galaxy S23,UPI Transfer,Travel,0
1A24CC0F-AD7,USR0014,12507.62,2026-02-23 12:03:49,Ahmedabad,Windows PC,UPI Transfer,Electronics,0
135E37E8-607,USR0029,8155.95,2026-02-23 12:44:49,Hyderabad,Samsung Galaxy S23,NEFT,Electronics,0
EEF8DF31-C66,USR0041,7911.19,2026-02-23 13:21:49,Surat,Windows PC,NEFT,Luxury Goods,0
4A24A81A-EE1,USR0004,10782.58,2026-02-23 13:49:49,Hyderabad,iPad Air,NEFT,Luxury Goods,0
6A83E8B6-DED,USR0001,1106.71,2026-02-23 14:24:49,Mumbai,Windows PC,Card Payment,Entertainment,0
48CEB775-D8C,USR0037,11966.86,2026-02-23 15:37:49,Pune,Jailbroken Device,NEFT,Crypto Exchange,1
853F1EE6-71C,USR0024,177162.95,2026-02-23 16:31:49,Hyderabad,Pixel 7,RTGS,Crypto Exchange,1
D9227786-4A6,USR0035,45836.43,2026-02-23 17:46:49,Chennai,Jailbroken Device,NEFT,Crypto Exchange,1
52A9A4F8-374,USR0039,190430.48,2026-02-23 19:49:49,Bangalore,OnePlus 11,Card Payment,Unknown Merchant,1
F63EE6B6-444,USR0030,7171.55,2026-02-23 21:44:49,Kolkata,iPhone 14,NEFT,Entertainment,0
5F5A8B77-418,USR0014,8930.2,2026-02-23 23:13:49,Hyderabad,Samsung Galaxy S23,Wallet Transfer,Electronics,0
EF0AE261-ED7,USR0006,6135.52,2026-02-23 23:19:49,Chennai,Pixel 7,RTGS,Luxury Goods,0
82DF4BF1-061,USR0024,73955.48,2026-02-23 23:31:49,VPN-Detected,OnePlus 11,UPI Transfer,Groceries,1
EF71F3A5-362,USR0036,1858.09,2026-02-24 00:30:49,Surat,MacBook Pro,IMPS,Dining,0
C6676E81-D3E,USR0048,10589.05,2026-02-24 00:46:49,Pune,OnePlus 11,UPI Transfer,Utilities,0
BB8F03A7-3E9,USR0033,9922.23,2026-02-24 01:16:49,Delhi,OnePlus 11,Card Payment,Entertainment,0
3108C995-DF3,USR0013,291.23,2026-02-24 03:02:49,Jaipur,OnePlus 11,RTGS,Medical,0
3308D4E8-853,USR0003,8512.23,2026-02-24 04:13:49,Bangalore,iPad Air,NEFT,Travel,0
159A5E77-8DB,USR0024,35709.83,2026-02-24 04:19:49,Unknown,iPad Air,NEFT,Electronics,1
25C0DE18-104,USR0004,6594.14,2026-02-24 06:39:49,Kolkata,MacBook Pro,Wallet Transfer,Travel,0
EC4088AE-43E,USR0025,14035.41,2026-02-24 07:50:49,Pune,Pixel 7,IMPS,Entertainment,0
F5D00E47-E19,USR0002,1277.0,2026-02-24 08:11:49,Delhi,iPhone 14,Wallet Transfer,Utilities,0
B9BF5A9D-6C5,USR0011,6566.01,2026-02-24 08:49:49,Kolkata,Pixel 7,RTGS,Dining,0
768EE1CF-D9B,USR0014,6519.64,2026-02-24 09:34:49,Kolkata,iPhone 14,Card Payment,Entertainment,0
F01142FD-40B,USR0006,12587.25,2026-02-24 09:41:49,Jaipur,OnePlus 11,Wallet Transfer,Dining,0
1F9F81E2-D94,USR0016,14153.12,2026-02-24 09:57:49,Hyderabad,MacBook Pro,Card Payment,Travel,0
E80985FE-F70,USR0007,6239.59,2026-02-24 10:55:49,Delhi,iPhone 14,Card Payment,Travel,0
A9FC3886-CC3,USR0031,4912.57,2026-02-24 11:39:49,Surat,Windows PC,RTGS,Groceries,0
B47D6D51-F85,USR0049,11452.75,2026-02-24 12:03:49,Pune,Pixel 7,UPI Transfer,Entertainment,0
157AE31D-A5B,USR0013,8486.48,2026-02-24 12:50:49,Ahmedabad,Pixel 7,NEFT,Entertainment,0
F18D8F9C-A12,USR0011,7322.99,2026-02-24 13:10:49,Ahmedabad,Samsung Galaxy S23,RTGS,Electronics,0
882A64B5-190,USR0005,7986.71,2026-02-24 13:57:49,Pune,Windows PC,IMPS,Travel,0
ADAD7BA3-5B3,USR0030,13703.01,2026-02-24 15:01:49,Hyderabad,Samsung Galaxy S23,NEFT,Groceries,0
0AA51D51-CCE,USR0035,159487.26,2026-02-24 15:09:49,Surat,OnePlus 11,RTGS,Entertainment,1
2B2CCE7C-28F,USR0002,151134.55,2026-02-24 18:04:49,Hyderabad,Windows PC,UPI Transfer,Unknown Merchant,1
079533A8-05A,USR0013,9556.0,2026-02-24 21:11:49,Hyderabad,Samsung Galaxy S23,Card Payment,Medical,0
32ABA031-99C,USR0005,5346.94,2026-02-24 21:40:49,Ahmedabad,iPad Air,UPI Transfer,Luxury Goods,0
CDA58769-BDD,USR0046,10350.93,2026-02-24 22:28:49,Surat,Windows PC,RTGS,Dining,0
34183609-AC1,USR0047,7736.25,2026-02-24 22:28:49,Kolkata,MacBook Pro,Wallet Transfer,Dining,0
52AEA8B2-917,USR0041,1377.04,2026-02-24 23:20:49,Delhi,MacBook Pro,UPI Transfer,Medical,0
C09E6BD5-B76,USR0022,13153.97,2026-02-25 00:31:49,Mumbai,Windows PC,NEFT,Groceries,0
4724C866-47B,USR0006,14397.27,2026-02-25 01:00:49,Pune,Pixel 7,Card Payment,Dining,0
CBB3638C-952,USR0030,8587.9,2026-02-25 02:14:49,Bangalore,OnePlus 11,IMPS,Groceries,0
283979BF-FA1,USR0020,5973.54,2026-02-25 02:54:49,Surat,Samsung Galaxy S23,UPI Transfer,Travel,0
3F7D5E2C-601,USR0002,13679.05,2026-02-25 03:06:49,Pune,MacBook Pro,NEFT,Dining,0
FEF8EF3E-122,USR0021,6003.98,2026-02-25 03:51:49,Bangalore,Pixel 7,NEFT,Travel,0
78C6716A-E53,USR0035,14293.93,2026-02-25 04:36:49,Jaipur,Windows PC,UPI Transfer,Groceries,0
4DC69E9A-F67,USR0006,3129.5,2026-02-25 04:56:49,Delhi,OnePlus 11,NEFT,Travel,0
F209F3DE-30A,USR0026,9150.98,2026-02-25 05:35:49,Jaipur,Windows PC,UPI Transfer,Groceries,0
4DFDDBC4-B5D,USR0034,10218.09,2026-02-25 06:00:49,Kolkata,Windows PC,Wallet Transfer,Utilities,0
AFA0BBA8-BB4,USR0011,13564.21,2026-02-25 06:02:49,Surat,OnePlus 11,Wallet Transfer,Groceries,0
AED2C236-6C7,USR0039,488514.71,2026-02-25 07:02:49,Chennai,Samsung Galaxy S23,NEFT,Dining,1
2734C6A8-D5C,USR0008,11884.36,2026-02-25 07:29:49,Kolkata,Samsung Galaxy S23,UPI Transfer,Dining,0
2EA6CD69-2CC,USR0005,7962.94,2026-02-25 07:31:49,Pune,iPhone 14,Card Payment,Entertainment,0
9F27BB41-0AD,USR0041,7300.87,2026-02-25 07:34:49,Chennai,OnePlus 11,IMPS,Entertainment,0
5C334E4E-066,USR0029,5804.58,2026-02-25 07:39:49,Surat,iPhone 14,IMPS,Groceries,0
09316B59-C8E,USR0025,5135.58,2026-02-25 08:09:49,Hyderabad,Pixel 7,Wallet Transfer,Electronics,0
CDDFB549-101,USR0047,9882.4,2026-02-25 08:28:49,Bangalore,Samsung Galaxy S23,Card Payment,Dining,0
5A049722-A7A,USR0032,196827.57,2026-02-25 08:37:49,Hyderabad,Samsung Galaxy S23,RTGS,Crypto Exchange,1
63350079-628,USR0012,7808.49,2026-02-25 09:45:49,Delhi,Windows PC,UPI Transfer,Medical,0
A943EF4C-C8A,USR0022,8380.52,2026-02-25 10:17:49,Pune,Samsung Galaxy S23,Wallet Transfer,Utilities,0
CF540D09-5D2,USR0023,56340.37,2026-02-25 10:30:49,Ahmedabad,Unknown Device,UPI Transfer,Dining,1
8DC2503B-1A5,USR0026,9913.27,2026-02-25 11:02:49,Hyderabad,Samsung Galaxy S23,IMPS,Entertainment,0
3FE5C013-20D,USR0037,43828.5,2026-02-25 11:14:49,Mumbai,Unknown Device,RTGS,Electronics,1
94F39AB4-D8E,USR0001,1543.37,2026-02-25 12:02:49,Pune,iPad Air,Card Payment,Entertainment,0
C3ED56E2-630,USR0032,13136.56,2026-02-25 12:49:49,Jaipur,Pixel 7,UPI Transfer,Groceries,0
E2A198CB-EDB,USR0038,4437.49,2026-02-25 12:50:49,Jaipur,iPhone 14,UPI Transfer,Medical,0
4FF6F389-524,USR0010,103.68,2026-02-25 12:57:49,Delhi,iPhone 14,NEFT,Luxury Goods,0
0B197709-0AE,USR0035,12787.14,2026-02-25 13:56:49,Surat,Windows PC,Wallet Transfer,Dining,0
2D006DDF-F1F,USR0003,1142.03,2026-02-25 14:38:49,Delhi,Windows PC,RTGS,Electronics,0
DC340E7F-00D,USR0037,197580.2,2026-02-25 16:47:49,Jaipur,Samsung Galaxy S23,Card Payment,Luxury Goods,1
E62FB136-B16,USR0032,104587.26,2026-02-25 16:59:49,Surat,OnePlus 11,UPI Transfer,Entertainment,1
C19E6947-9DA,USR0018,6741.4,2026-02-25 21:11:49,Pune,iPad Air,NEFT,Medical,0
A023CB2E-DAD,USR0001,33821.79,2026-02-25 21:23:49,VPN-Detected,Windows PC,RTGS,Travel,1
D123A866-5D8,USR0034,4724.82,2026-02-25 21:39:49,Delhi,MacBook Pro,IMPS,Groceries,0
484910CB-8CC,USR0031,13033.51,2026-02-25 22:15:49,Pune,MacBook Pro,IMPS,Travel,0
0D2CB9AE-FC4,USR0025,13858.8,2026-02-25 22:17:49,Surat,Windows PC,RTGS,Medical,0
8D5F6EDB-B6C,USR0035,11016.86,2026-02-25 23:42:49,Hyderabad,OnePlus 11,IMPS,Travel,0
E531F47B-CBC,USR0002,57265.48,2026-02-26 01:24:49,Chennai,Windows PC,IMPS,Unknown Merchant,1
D349D6D6-8E0,USR0039,7848.81,2026-02-26 01:57:49,Surat,Pixel 7,RTGS,Groceries,0
E96188C7-16D,USR0036,8863.65,2026-02-26 02:06:49,Delhi,Samsung Galaxy S23,IMPS,Dining,0
E571CA67-56A,USR0037,8481.19,2026-02-26 02:07:49,Mumbai,iPhone 14,UPI Transfer,Entertainment,0
9E503F1C-3B9,USR0028,427438.19,2026-02-26 02:11:49,Pune,Samsung Galaxy S23,Wallet Transfer,Utilities,1
A0404E7A-BA3,USR0027,12016.89,2026-02-26 03:07:49,Kolkata,Windows PC,IMPS,Electronics,0
6167A0B0-1DF,USR0012,149355.37,2026-02-26 03:28:49,Ahmedabad,Pixel 7,Card Payment,Unknown Merchant,1
6C65B93F-547,USR0023,8694.86,2026-02-26 03:45:49,Mumbai,MacBook Pro,IMPS,Groceries,0
CE068D41-94F,USR0004,8826.59,2026-02-26 04:17:49,Surat,Windows PC,Card Payment,Electronics,0
6DFD2FE1-DB9,USR0049,13087.07,2026-02-26 05:59:49,Ahmedabad,OnePlus 11,Wallet Transfer,Electronics,0
61512E3C-7D0,USR0008,2091.84,2026-02-26 06:04:49,Pune,OnePlus 11,IMPS,Groceries,0
B20789F2-93D,USR0036,1375.41,2026-02-26 06:21:49,Surat,OnePlus 11,Card Payment,Travel,0
3B37BC0F-438,USR0032,9417.16,2026-02-26 06:27:49,Chennai,iPad Air,IMPS,Groceries,0
9B09EF19-D5F,USR0003,1483.47,2026-02-26 06:29:49,Pune,OnePlus 11,NEFT,Utilities,0
65BCD2DA-F28,USR0049,34047.78,2026-02-26 06:33:49,VPN-Detected,Pixel 7,UPI Transfer,Travel,1
9592A4AD-3B0,USR0024,6454.89,2026-02-26 06:38:49,Ahmedabad,iPad Air,NEFT,Luxury Goods,0
C3AF1E47-966,USR0026,13213.47,2026-02-26 07:07:49,Mumbai,OnePlus 11,NEFT,Utilities,0
EF0C0B7B-0AB,USR0022,4610.46,2026-02-26 07:18:49,Chennai,Samsung Galaxy S23,RTGS,Travel,0
1B76D009-412,USR0033,5920.56,2026-02-26 07:50:49,Kolkata,Samsung Galaxy S23,RTGS,Electronics,0
B8644A9D-BB8,USR0042,6943.89,2026-02-26 08:33:49,Mumbai,Pixel 7,RTGS,Dining,0
7D7C03F8-9EA,USR0034,3056.75,2026-02-26 08:36:49,Bangalore,Pixel 7,Wallet Transfer,Utilities,0
8F9F8C80-BEB,USR0048,589.32,2026-02-26 08:44:49,Delhi,MacBook Pro,Wallet Transfer,Electronics,0
2E0120DA-D1D,USR0001,48705.44,2026-02-26 09:04:49,Unknown,MacBook Pro,NEFT,Electronics,1
DDD9E27F-9BA,USR0025,8063.91,2026-02-26 09:06:49,Hyderabad,Windows PC,UPI Transfer,Medical,0
07C73DE6-4FD,USR0001,13061.75,2026-02-26 09:09:49,Surat,iPad Air,Card Payment,Travel,0
424C7BA5-2E6,USR0045,10301.94,2026-02-26 09:33:49,Jaipur,iPhone 14,NEFT,Luxury Goods,0
AD00A573-FBE,USR0048,934.35,2026-02-26 09:41:49,Pune,Samsung Galaxy S23,RTGS,Electronics,0
AE689D29-2B0,USR0048,8236.68,2026-02-26 10:46:49,Bangalore,iPad Air,Card Payment,Dining,0
9C3D67BD-81E,USR0049,9028.8,2026-02-26 10:59:49,Kolkata,Pixel 7,IMPS,Electronics,0
26B0A306-81F,USR0031,5602.48,2026-02-26 11:06:49,Jaipur,Windows PC,Wallet Transfer,Utilities,0
594BE963-727,USR0045,585.85,2026-02-26 11:32:49,Bangalore,iPad Air,IMPS,Electronics,0
810391CD-E46,USR0022,4994.01,2026-02-26 11:40:49,Bangalore,OnePlus 11,UPI Transfer,Luxury Goods,0
BB8C8EC3-878,USR0029,4015.79,2026-02-26 11:41:49,Ahmedabad,iPhone 14,RTGS,Entertainment,0
66FC56F8-41C,USR0011,14581.55,2026-02-26 11:57:49,Mumbai,Windows PC,Card Payment,Travel,0
9B2A674C-C30,USR0045,5706.74,2026-02-26 12:44:49,Ahmedabad,OnePlus 11,NEFT,Electronics,0
BC65842C-2F4,USR0024,33481.0,2026-02-26 12:45:49,Kolkata,Jailbroken Device,RTGS,Luxury Goods,1
14CE8686-4BE,USR0017,6986.3,2026-02-26 13:04:49,Delhi,OnePlus 11,RTGS,Luxury Goods,0
65532A83-F1D,USR0040,14089.96,2026-02-26 14:27:49,Delhi,Samsung Galaxy S23,NEFT,Electronics,0
81697B96-D08,USR0001,28959.43,2026-02-26 22:11:49,Foreign-IP,Pixel 7,Wallet Transfer,Utilities,1
06011306-F58,USR0047,13784.03,2026-02-26 22:19:49,Jaipur,Windows PC,IMPS,Groceries,0
A01AC01B-B06,USR0019,14000.73,2026-02-26 22:32:49,Hyderabad,Pixel 7,RTGS,Utilities,0
97484247-28E,USR0049,2149.58,2026-02-26 23:05:49,Ahmedabad,MacBook Pro,NEFT,Travel,0
7D73308D-FB9,USR0030,12244.76,2026-02-26 23:44:49,Surat,MacBook Pro,UPI Transfer,Electronics,0
D8D97994-A08,USR0009,10404.87,2026-02-26 23:48:49,Bangalore,MacBook Pro,IMPS,Luxury Goods,0
E5904A66-9AD,USR0042,1816.3,2026-02-27 00:16:49,Mumbai,iPad Air,IMPS,Dining,0
9100306D-118,USR0009,9460.77,2026-02-27 01:21:49,Mumbai,Pixel 7,Card Payment,Dining,0
00197211-2CD,USR0027,9304.27,2026-02-27 02:59:49,Pune,Windows PC,Card Payment,Travel,0
D6DE9B80-368,USR0046,10253.75,2026-02-27 03:53:49,Bangalore,Pixel 7,RTGS,Travel,0
6A4B57A1-20A,USR0012,2988.05,2026-02-27 04:21:49,Hyderabad,OnePlus 11,Card Payment,Entertainment,0
4156E78D-958,USR0041,9396.41,2026-02-27 04:31:49,Hyderabad,Windows PC,RTGS,Medical,0
5C52CAA6-C11,USR0046,14512.72,2026-02-27 04:33:49,Mumbai,MacBook Pro,Card Payment,Dining,0
F5A19A13-961,USR0043,13103.32,2026-02-27 04:40:49,Jaipur,MacBook Pro,NEFT,Luxury Goods,0
CD5B93B1-415,USR0015,4435.55,2026-02-27 05:09:49,Delhi,iPhone 14,IMPS,Dining,0
AB47F075-D8A,USR0039,8688.69,2026-02-27 06:20:49,Hyderabad,MacBook Pro,Card Payment,Electronics,0
576A7ABA-021,USR0046,2504.92,2026-02-27 06:53:49,Kolkata,MacBook Pro,Card Payment,Dining,0
D4CA7127-B28,USR0002,12439.41,2026-02-27 07:01:49,Pune,OnePlus 11,IMPS,Electronics,0
17FB12E3-3D0,USR0029,3138.39,2026-02-27 07:19:49,Pune,Samsung Galaxy S23,Card Payment,Dining,0
39785F8B-DF1,USR0035,10199.85,2026-02-27 07:19:49,Jaipur,MacBook Pro,RTGS,Luxury Goods,0
9E9C4632-E69,USR0013,9531.81,2026-02-27 08:43:49,Kolkata,Windows PC,UPI Transfer,Entertainment,0
7E7631EA-9EF,USR0030,5648.02,2026-02-27 08:53:49,Bangalore,iPad Air,Wallet Transfer,Utilities,0
EE30A268-53D,USR0025,8160.82,2026-02-27 09:23:49,Ahmedabad,OnePlus 11,IMPS,Electronics,0
E5AB9D4F-701,USR0020,78437.11,2026-02-27 09:43:49,Foreign-IP,iPhone 14,UPI Transfer,Dining,1
77C1E95E-FA4,USR0022,10317.87,2026-02-27 10:29:49,Pune,Pixel 7,RTGS,Entertainment,0
1AACA3AC-38A,USR0046,2436.33,2026-02-27 11:01:49,Delhi,iPad Air,Card Payment,Travel,0
D66D1AD6-FE7,USR0014,12123.12,2026-02-27 11:07:49,Surat,MacBook Pro,Card Payment,Groceries,0
7CFA6BC7-93B,USR0030,11971.63,2026-02-27 11:17:49,Ahmedabad,iPad Air,RTGS,Electronics,0
8A589837-A9D,USR0050,7204.41,2026-02-27 11:25:49,Delhi,OnePlus 11,IMPS,Medical,0
E2CF74B0-496,USR0021,707.52,2026-02-27 11:54:49,Jaipur,Samsung Galaxy S23,RTGS,Entertainment,0
9FE83720-3CC,USR0004,12544.11,2026-02-27 13:54:49,Mumbai,Windows PC,IMPS,Dining,0
A88AC829-9E8,USR0045,2018.59,2026-02-27 14:39:49,Jaipur,OnePlus 11,Card Payment,Medical,0
5B982BA8-2EF,USR0039,4196.78,2026-02-27 22:43:49,Ahmedabad,Windows PC,UPI Transfer,Entertainment,0
EB72BCC6-BF2,USR0037,2186.31,2026-02-27 22:50:49,Jaipur,MacBook Pro,UPI Transfer,Dining,0
6378F8A3-FA6,USR0025,14698.81,2026-02-27 23:09:49,Jaipur,Samsung Galaxy S23,IMPS,Travel,0
4E1587F0-9AE,USR0012,4671.23,2026-02-27 23:11:49,Pune,OnePlus 11,NEFT,Groceries,0
7F729F37-288,USR0047,6706.64,2026-02-27 23:13:49,Chennai,iPad Air,NEFT,Utilities,0
698CAE87-F81,USR0016,8515.47,2026-02-27 23:38:49,Surat,Pixel 7,Card Payment,Groceries,0
768F8ECA-6F1,USR0004,8955.66,2026-02-28 00:23:49,Chennai,iPad Air,Card Payment,Medical,0
82272599-A58,USR0005,1738.85,2026-02-28 00:36:49,Jaipur,Windows PC,UPI Transfer,Medical,0
60370371-264,USR0027,7822.6,2026-02-28 00:45:49,Ahmedabad,MacBook Pro,Wallet Transfer,Groceries,0
BB880B29-0C6,USR0003,11782.4,2026-02-28 00:54:49,Pune,Samsung Galaxy S23,RTGS,Entertainment,0
4D333813-4A0,USR0043,3181.96,2026-02-28 01:08:49,Jaipur,Pixel 7,NEFT,Groceries,0
AB1EEDFF-021,USR0004,13192.96,2026-02-28 01:24:49,Jaipur,OnePlus 11,Wallet Transfer,Travel,0
4A628408-8C4,USR0032,54872.72,2026-02-28 02:16:49,Chennai,Unknown Device,IMPS,Travel,1
71587CA5-248,USR0042,5822.34,2026-02-28 03:39:49,Delhi,Samsung Galaxy S23,RTGS,Electronics,0
337D5D2B-68D,USR0021,8671.13,2026-02-28 03:55:49,Hyderabad,MacBook Pro,NEFT,Medical,0
0E378921-A6C,USR0025,12778.7,2026-02-28 04:03:49,Surat,MacBook Pro,NEFT,Groceries,0
7888EB2C-0E4,USR0034,6833.58,2026-02-28 04:25:49,Ahmedabad,iPad Air,Card Payment,Dining,0
FD6B982E-0BF,USR0049,135701.16,2026-02-28 05:09:49,Mumbai,iPad Air,IMPS,Unknown Merchant,1
CD2B5175-25A,USR0012,13048.93,2026-02-28 05:18:49,Bangalore,Samsung Galaxy S23,RTGS,Travel,0
7F915CDB-18F,USR0050,3849.89,2026-02-28 05:59:49,Jaipur,MacBook Pro,Card Payment,Entertainment,0
A1B089D7-F4A,USR0049,10368.99,2026-02-28 07:20:49,Kolkata,Pixel 7,Card Payment,Entertainment,0
DDC58DDD-A56,USR0009,11825.87,2026-02-28 07:43:49,Mumbai,iPad Air,Card Payment,Entertainment,0
C1F4A64B-939,USR0005,9229.98,2026-02-28 07:46:49,Pune,MacBook Pro,RTGS,Travel,0
E35F8CEC-B12,USR0024,168616.25,2026-02-28 08:25:49,Surat,iPad Air,NEFT,Unknown Merchant,1
B7F8FB57-886,USR0039,12652.34,2026-02-28 09:24:49,Hyderabad,iPad Air,Wallet Transfer,Entertainment,0
87C8E4C7-3BC,USR0033,9097.84,2026-02-28 10:20:49,Jaipur,MacBook Pro,Card Payment,Groceries,0
064E4E2B-56D,USR0008,8221.71,2026-02-28 11:04:49,Ahmedabad,Samsung Galaxy S23,RTGS,Dining,0
2D1D2292-D6A,USR0018,11874.85,2026-02-28 11:40:49,Kolkata,iPhone 14,NEFT,Dining,0
26435CEA-8F4,USR0004,3362.33,2026-02-28 12:48:49,Mumbai,MacBook Pro,Card Payment,Utilities,0
CFA233A7-0A6,USR0047,10091.96,2026-02-28 12:59:49,Bangalore,iPad Air,RTGS,Luxury Goods,0
32743CEA-983,USR0008,9633.02,2026-02-28 13:48:49,Bangalore,Windows PC,NEFT,Travel,0
3EC1818C-57A,USR0027,10765.34,2026-02-28 14:09:49,Surat,OnePlus 11,Wallet Transfer,Groceries,0
AA3E1482-433,USR0002,10158.95,2026-02-28 14:39:49,Hyderabad,Pixel 7,Wallet Transfer,Travel,0
18848C38-2B4,USR0002,54461.88,2026-02-28 17:25:49,Ahmedabad,Unknown Device,Wallet Transfer,Medical,1
12B5C19C-364,USR0028,89105.63,2026-02-28 19:17:49,Mumbai,iPad Air,NEFT,Crypto Exchange,1
71E75A01-856,USR0039,21222.11,2026-02-28 20:04:49,Delhi,Emulator,Wallet Transfer,Travel,1
4C75D4AA-4DD,USR0044,4081.81,2026-02-28 21:36:49,Chennai,MacBook Pro,Card Payment,Groceries,0
E91628C9-169,USR0024,14194.51,2026-02-28 23:29:49,Chennai,Samsung Galaxy S23,RTGS,Electronics,0
D7E9A08F-F3B,USR0011,8672.8,2026-02-28 23:36:49,Jaipur,iPad Air,Wallet Transfer,Entertainment,0
CFC02BBE-54F,USR0020,17244.26,2026-03-01 00:08:49,Unknown,iPad Air,NEFT,Unknown Merchant,1
E9F58245-205,USR0034,7530.81,2026-03-01 00:09:49,Mumbai,iPad Air,Wallet Transfer,Medical,0
FF03D546-E2F,USR0035,3782.86,2026-03-01 01:22:49,Chennai,Pixel 7,NEFT,Luxury Goods,0
E1872BB3-E35,USR0018,8734.8,2026-03-01 03:04:49,Kolkata,Pixel 7,Wallet Transfer,Electronics,0
81B8BD1B-577,USR0001,5041.24,2026-03-01 03:14:49,Pune,Emulator,Wallet Transfer,Crypto Exchange,1
1FB13C26-12F,USR0001,10441.27,2026-03-01 03:14:49,Jaipur,Windows PC,IMPS,Electronics,0
51AA0CF4-6C7,USR0025,3340.2,2026-03-01 03:35:49,Jaipur,MacBook Pro,RTGS,Electronics,0
FFE83489-692,USR0038,1411.28,2026-03-01 03:37:49,Hyderabad,MacBook Pro,Wallet Transfer,Entertainment,0
C30CBA10-4AE,USR0048,4795.18,2026-03-01 04:12:49,Delhi,Samsung Galaxy S23,NEFT,Medical,0
B2CE38C8-FF7,USR0044,6167.02,2026-03-01 05:02:49,Mumbai,Pixel 7,Card Payment,Travel,0
357753AD-088,USR0002,3305.08,2026-03-01 05:34:49,Pune,iPhone 14,Wallet Transfer,Medical,0
7BFA5168-CA1,USR0033,9914.36,2026-03-01 05:58:49,Chennai,Pixel 7,Card Payment,Dining,0
AB884E86-592,USR0010,10161.57,2026-03-01 06:26:49,Ahmedabad,iPhone 14,IMPS,Utilities,0
4258DB6E-A5E,USR0023,11793.36,2026-03-01 06:44:49,Surat,OnePlus 11,NEFT,Utilities,0
9CA4DC6C-673,USR0020,41490.11,2026-03-01 08:19:49,VPN-Detected,Windows PC,NEFT,Utilities,1
93B1854E-B7C,USR0030,9129.78,2026-03-01 09:37:49,Delhi,MacBook Pro,NEFT,Luxury Goods,0
23BBF0CE-1F3,USR0025,3411.57,2026-03-01 10:07:49,Pune,iPad Air,IMPS,Luxury Goods,0
555DAEB1-25D,USR0007,26738.35,2026-03-01 10:28:49,Kolkata,Emulator,NEFT,Dining,1
77BD624D-203,USR0050,1745.58,2026-03-01 10:34:49,Mumbai,Pixel 7,IMPS,Entertainment,0
43CFCA68-943,USR0025,4320.4,2026-03-01 10:42:49,Surat,Pixel 7,UPI Transfer,Electronics,0
61FC4F6D-9C5,USR0014,5718.54,2026-03-01 10:58:49,Bangalore,Pixel 7,IMPS,Entertainment,0
F903D12F-67E,USR0046,2539.05,2026-03-01 11:43:49,Bangalore,Windows PC,RTGS,Luxury Goods,0
07B38DC0-4D0,USR0014,13636.38,2026-03-01 12:19:49,Delhi,Windows PC,NEFT,Entertainment,0
CCEFA841-A01,USR0019,4044.79,2026-03-01 12:20:49,Mumbai,OnePlus 11,RTGS,Utilities,0
89FB19E8-C23,USR0032,21808.59,2026-03-01 17:33:49,Pune,Pixel 7,Wallet Transfer,Crypto Exchange,1
22FAB9AD-35A,USR0023,110371.03,2026-03-01 19:18:49,Pune,Pixel 7,IMPS,Utilities,1
EDDEEDE4-C6B,USR0002,7110.48,2026-03-01 21:58:49,Bangalore,Windows PC,UPI Transfer,Utilities,0
8A5DD236-1A5,USR0043,4708.18,2026-03-01 22:07:49,Bangalore,Pixel 7,IMPS,Luxury Goods,0
A6F7A3E4-1A9,USR0016,709.25,2026-03-01 22:13:49,Mumbai,OnePlus 11,RTGS,Medical,0
B6B36C52-B1C,USR0038,10788.63,2026-03-01 22:37:49,Mumbai,OnePlus 11,IMPS,Entertainment,0
F410F243-996,USR0004,226.33,2026-03-01 23:21:49,Kolkata,Pixel 7,IMPS,Utilities,0
F06EFDE6-D7A,USR0026,5202.11,2026-03-01 23:22:49,Surat,Windows PC,NEFT,Luxury Goods,0
F1839C13-CA0,USR0002,181994.87,2026-03-01 23:27:49,Mumbai,Windows PC,RTGS,Utilities,1
FCD498D0-697,USR0022,13705.92,2026-03-02 00:13:49,Chennai,Samsung Galaxy S23,Card Payment,Travel,0
96FAAB13-DBD,USR0041,13817.98,2026-03-02 00:20:49,Mumbai,OnePlus 11,Card Payment,Entertainment,0
2081A0DC-DF6,USR0012,147428.46,2026-03-02 01:44:49,Hyderabad,Windows PC,NEFT,Crypto Exchange,1
696F5072-588,USR0023,6091.88,2026-03-02 02:02:49,Kolkata,iPhone 14,Card Payment,Dining,0
FCB72F31-FA8,USR0040,10728.18,2026-03-02 02:03:49,Chennai,Windows PC,UPI Transfer,Medical,0
0A6A2341-55E,USR0034,515.58,2026-03-02 02:03:49,Jaipur,iPad Air,IMPS,Dining,0
ACD27CEE-0C1,USR0046,8555.29,2026-03-02 03:31:49,Kolkata,Samsung Galaxy S23,Wallet Transfer,Electronics,0
E7DB4E7F-07C,USR0030,11211.8,2026-03-02 04:53:49,Surat,iPad Air,RTGS,Dining,0
F6689F02-751,USR0044,10645.54,2026-03-02 05:50:49,Chennai,Samsung Galaxy S23,RTGS,Medical,0
9F12D7E8-FAE,USR0028,3059.22,2026-03-02 06:12:49,Pune,Windows PC,Card Payment,Travel,0
0D5A4B2B-16D,USR0029,630.66,2026-03-02 06:42:49,Delhi,MacBook Pro,RTGS,Groceries,0
91F487B4-098,USR0008,14924.25,2026-03-02 08:32:49,Surat,iPad Air,UPI Transfer,Travel,0
0B9D3380-DBE,USR0025,2996.61,2026-03-02 09:56:49,Mumbai,iPhone 14,IMPS,Electronics,0
51ED167C-14D,USR0042,10789.9,2026-03-02 10:00:49,Pune,OnePlus 11,RTGS,Utilities,0
5ABBBEFF-FB2,USR0037,12545.6,2026-03-02 10:16:49,Chennai,Samsung Galaxy S23,NEFT,Entertainment,0
6E7EFFE4-F23,USR0004,6165.44,2026-03-02 11:37:49,Ahmedabad,iPhone 14,Card Payment,Dining,0
0E33C226-CCA,USR0049,7063.96,2026-03-02 11:45:49,Bangalore,iPad Air,Wallet Transfer,Travel,0
65C2B309-AE8,USR0018,1467.81,2026-03-02 12:16:49,Chennai,OnePlus 11,UPI Transfer,Medical,0
EBE803AF-F32,USR0025,52480.24,2026-03-02 16:32:49,Foreign-IP,MacBook Pro,NEFT,Unknown Merchant,1
5352501F-53D,USR0034,288430.59,2026-03-02 16:34:49,Chennai,iPad Air,UPI Transfer,Groceries,1
ED2C5ABB-3EE,USR0037,160870.25,2026-03-02 19:17:49,Mumbai,OnePlus 11,NEFT,Crypto Exchange,1
4F9EBBC6-120,USR0050,13176.8,2026-03-02 21:10:49,Ahmedabad,iPhone 14,Card Payment,Groceries,0
7F6C3432-A3F,USR0013,122041.25,2026-03-02 21:21:49,Ahmedabad,iPhone 14,Wallet Transfer,Unknown Merchant,1
051FAD53-629,USR0033,6614.38,2026-03-02 21:38:49,Mumbai,iPad Air,IMPS,Luxury Goods,0
8002F30F-6D9,USR0011,13961.6,2026-03-02 22:20:49,Surat,iPhone 14,UPI Transfer,Dining,0
291B9C21-57C,USR0030,9029.99,2026-03-02 22:58:49,Kolkata,MacBook Pro,Card Payment,Medical,0
17EA83C2-BF7,USR0036,11245.36,2026-03-02 23:15:49,Jaipur,MacBook Pro,IMPS,Entertainment,0
5F4AE4D5-4BA,USR0028,11072.51,2026-03-03 01:39:49,Mumbai,OnePlus 11,Card Payment,Groceries,0
B792D439-415,USR0016,1461.66,2026-03-03 04:14:49,Pune,iPhone 14,UPI Transfer,Medical,0
2D8C0E1E-8D1,USR0039,56621.13,2026-03-03 04:17:49,Foreign-IP,OnePlus 11,IMPS,Luxury Goods,1
8E903CD8-547,USR0024,8151.5,2026-03-03 04:22:49,Delhi,OnePlus 11,NEFT,Medical,0
0CDB30E7-0D4,USR0038,10963.66,2026-03-03 05:10:49,Pune,iPhone 14,Wallet Transfer,Entertainment,0
17AAB749-508,USR0020,224115.28,2026-03-03 05:14:49,Chennai,iPad Air,Card Payment,Electronics,1
F04B55E3-30D,USR0028,49775.11,2026-03-03 05:49:49,Unknown,OnePlus 11,Card Payment,Crypto Exchange,1
7FE7804F-406,USR0043,13614.07,2026-03-03 05:53:49,Delhi,Pixel 7,UPI Transfer,Travel,0
13FFFA80-DFF,USR0001,85151.27,2026-03-03 06:02:49,Kolkata,Samsung Galaxy S23,Card Payment,Entertainment,1
FF73D476-978,USR0001,281730.48,2026-03-03 06:02:49,Jaipur,MacBook Pro,UPI Transfer,Groceries,1
4119B46A-CAD,USR0001,203648.21,2026-03-03 06:09:49,Surat,Windows PC,Card Payment,Medical,1
8A2858CF-E9A,USR0001,247866.64,2026-03-03 06:09:49,Jaipur,iPhone 14,Card Payment,Electronics,1
F1FE6A1B-0AF,USR0001,59920.0,2026-03-03 06:10:49,Delhi,Samsung Galaxy S23,NEFT,Entertainment,1
8961399C-1ED,USR0001,181792.59,2026-03-03 06:11:49,Mumbai,Pixel 7,IMPS,Electronics,1
77478C7C-898,USR0001,89764.95,2026-03-03 06:12:49,Chennai,MacBook Pro,Card Payment,Luxury Goods,1
F3700FE9-834,USR0035,113724.21,2026-03-03 06:21:49,Hyderabad,Windows PC,IMPS,Crypto Exchange,1
601A866A-DF0,USR0008,4618.58,2026-03-03 06:25:49,Ahmedabad,iPhone 14,NEFT,Travel,0
ADC91E46-E85,USR0014,8985.07,2026-03-03 06:47:49,Mumbai,iPhone 14,NEFT,Luxury Goods,0
4DB4B0E7-768,USR0030,10197.27,2026-03-03 07:14:49,Chennai,MacBook Pro,Wallet Transfer,Groceries,0
8338BD8D-93B,USR0032,1761.78,2026-03-03 07:21:49,Mumbai,OnePlus 11,Wallet Transfer,Travel,0
145CBE6A-419,USR0037,1159.9,2026-03-03 08:07:49,Ahmedabad,MacBook Pro,Card Payment,Entertainment,0
2A1BE579-1FD,USR0043,11714.77,2026-03-03 08:11:49,Delhi,iPhone 14,IMPS,Groceries,0
E12DB2E8-CB3,USR0022,11704.24,2026-03-03 08:49:49,Jaipur,iPad Air,IMPS,Dining,0
B67307B3-C31,USR0016,9201.05,2026-03-03 09:26:49,Kolkata,Pixel 7,IMPS,Electronics,0
A529030E-B5E,USR0045,3039.71,2026-03-03 09:51:49,Chennai,iPhone 14,UPI Transfer,Medical,0
567739FB-990,USR0019,13371.13,2026-03-03 10:04:49,Pune,Samsung Galaxy S23,NEFT,Electronics,0
8CAEB205-BA6,USR0040,14937.81,2026-03-03 10:28:49,Mumbai,Pixel 7,IMPS,Luxury Goods,0
8A53362C-C41,USR0030,6365.53,2026-03-03 10:31:49,Pune,Windows PC,UPI Transfer,Groceries,0
F1F3C135-9AC,USR0042,4620.93,2026-03-03 10:32:49,Hyderabad,iPhone 14,UPI Transfer,Groceries,0
921FC234-C9D,USR0014,109459.38,2026-03-03 10:38:49,Pune,MacBook Pro,IMPS,Unknown Merchant,1
E781AF66-A5B,USR0001,8244.05,2026-03-03 10:38:49,Delhi,MacBook Pro,NEFT,Luxury Goods,0
63C51FBB-786,USR0020,2814.51,2026-03-03 10:59:49,Chennai,iPhone 14,Card Payment,Luxury Goods,0
1BAFDBE7-2C2,USR0021,6983.02,2026-03-03 11:11:49,Ahmedabad,Samsung Galaxy S23,Wallet Transfer,Travel,0
CD9DAE1F-564,USR0027,4167.99,2026-03-03 12:22:49,Mumbai,Samsung Galaxy S23,Card Payment,Dining,0
FFB7FDC2-AB7,USR0041,9888.42,2026-03-03 12:35:49,Bangalore,MacBook Pro,NEFT,Entertainment,0
0C9C95F9-742,USR0017,13066.47,2026-03-03 13:49:49,Jaipur,Windows PC,Card Payment,Travel,0
AE5699BE-6A2,USR0035,138066.65,2026-03-03 14:05:49,Ahmedabad,iPhone 14,UPI Transfer,Crypto Exchange,1
791B1EF3-F0B,USR0002,345245.66,2026-03-03 19:32:49,Chennai,Pixel 7,Wallet Transfer,Utilities,1
4027E3B7-891,USR0005,180894.47,2026-03-03 20:22:49,Surat,Pixel 7,RTGS,Groceries,1
53FCF7AB-C8D,USR0021,34151.86,2026-03-03 21:07:49,Mumbai,Unknown Device,NEFT,Unknown Merchant,1
DFA0FBE2-2EE,USR0028,14260.35,2026-03-03 21:13:49,Chennai,OnePlus 11,RTGS,Electronics,0
0D10B394-A67,USR0037,11039.12,2026-03-03 21:49:49,Ahmedabad,OnePlus 11,RTGS,Medical,0
1F8E7811-F1A,USR0050,14541.73,2026-03-04 00:07:49,Jaipur,iPad Air,RTGS,Electronics,0
62498CB7-709,USR0026,11035.47,2026-03-04 00:16:49,Chennai,Windows PC,NEFT,Travel,0
E982A876-60D,USR0013,271813.61,2026-03-04 00:25:49,Mumbai,Samsung Galaxy S23,IMPS,Utilities,1
72127419-E96,USR0028,3992.79,2026-03-04 00:59:49,Chennai,iPad Air,IMPS,Travel,0
2B73550C-670,USR0045,13244.35,2026-03-04 01:51:49,Ahmedabad,iPad Air,Card Payment,Dining,0
E715C958-A1C,USR0025,182018.84,2026-03-04 02:02:49,Bangalore,MacBook Pro,RTGS,Crypto Exchange,1
EE316AFC-DEA,USR0049,12110.67,2026-03-04 02:24:49,Jaipur,iPad Air,Wallet Transfer,Utilities,0
9D1AE1F9-F61,USR0017,6895.41,2026-03-04 02:27:49,Chennai,OnePlus 11,Card Payment,Travel,0
8B929697-A00,USR0019,6049.28,2026-03-04 02:38:49,Delhi,Samsung Galaxy S23,Card Payment,Luxury Goods,0
22C7F8FD-FD3,USR0035,23758.23,2026-03-04 03:04:49,Kolkata,Emulator,RTGS,Utilities,1
C67D6AA4-A72,USR0048,2845.24,2026-03-04 03:27:49,Mumbai,MacBook Pro,UPI Transfer,Electronics,0
2C427F4B-749,USR0010,13784.78,2026-03-04 05:05:49,Kolkata,OnePlus 11,NEFT,Utilities,0
2287C2B5-273,USR0044,580.77,2026-03-04 05:27:49,Surat,iPhone 14,RTGS,Luxury Goods,0
D35D03D2-48A,USR0044,14564.41,2026-03-04 06:04:49,Hyderabad,Pixel 7,Wallet Transfer,Electronics,0
CEBC5EA0-324,USR0004,13524.25,2026-03-04 06:26:49,Pune,Windows PC,Card Payment,Medical,0
A9F23723-F9B,USR0050,7463.68,2026-03-04 08:22:49,Ahmedabad,OnePlus 11,Card Payment,Medical,0
1714BAB9-3FA,USR0035,9033.28,2026-03-04 08:22:49,Hyderabad,iPhone 14,Wallet Transfer,Dining,0
E1DEEDAB-B33,USR0048,12250.49,2026-03-04 08:51:49,Ahmedabad,Pixel 7,UPI Transfer,Medical,0
8C2C425F-01F,USR0024,7113.63,2026-03-04 09:12:49,Pune,iPad Air,Wallet Transfer,Utilities,0
DEB6219A-186,USR0032,14560.34,2026-03-04 10:27:49,Kolkata,Windows PC,Card Payment,Entertainment,0
8560DA82-10D,USR0043,10049.06,2026-03-04 10:55:49,Mumbai,iPhone 14,NEFT,Travel,0
B1957840-494,USR0025,3444.28,2026-03-04 11:04:49,Pune,Samsung Galaxy S23,RTGS,Utilities,0
7213B6DB-F4A,USR0033,2438.49,2026-03-04 12:04:49,Chennai,iPhone 14,NEFT,Dining,0
5F397E7B-7B4,USR0027,12724.26,2026-03-04 12:10:49,Bangalore,iPhone 14,IMPS,Medical,0
C94B2A29-1E2,USR0020,12322.04,2026-03-04 12:13:49,Jaipur,MacBook Pro,Wallet Transfer,Luxury Goods,0
2A183664-CB1,USR0047,3729.47,2026-03-04 12:55:49,Kolkata,iPad Air,IMPS,Luxury Goods,0
2437B585-F32,USR0049,11830.85,2026-03-04 14:07:49,Delhi,iPad Air,UPI Transfer,Luxury Goods,0
1DFBF713-011,USR0016,5738.59,2026-03-04 14:10:49,Delhi,iPhone 14,Card Payment,Dining,0
A17E2C44-5A8,USR0039,78800.02,2026-03-04 14:23:49,Unknown,MacBook Pro,Wallet Transfer,Entertainment,1
70110797-C46,USR0027,4634.41,2026-03-04 14:57:49,Kolkata,MacBook Pro,UPI Transfer,Entertainment,0
9B2C6D25-D32,USR0007,145089.03,2026-03-04 18:37:49,Chennai,Samsung Galaxy S23,NEFT,Utilities,1
546D4D34-E2C,USR0012,98821.99,2026-03-04 20:39:49,Kolkata,iPad Air,IMPS,Crypto Exchange,1
20BBE657-872,USR0007,13942.15,2026-03-04 21:12:49,Kolkata,Windows PC,IMPS,Dining,0
E06BF703-C74,USR0010,3074.69,2026-03-04 21:41:49,Mumbai,Windows PC,Card Payment,Entertainment,0
365EDBDD-7D8,USR0002,11573.48,2026-03-04 21:42:49,Bangalore,iPhone 14,Wallet Transfer,Electronics,0
AD5DDCC0-F68,USR0049,14105.81,2026-03-04 21:50:49,Mumbai,Windows PC,IMPS,Travel,0
5910FC21-E7D,USR0024,50274.6,2026-03-04 22:16:49,Foreign-IP,iPad Air,Wallet Transfer,Medical,1
38B7AE6F-DA3,USR0022,3557.3,2026-03-04 22:17:49,Surat,iPhone 14,NEFT,Utilities,0
E0EE68F6-E46,USR0038,13424.37,2026-03-04 23:01:49,Chennai,Samsung Galaxy S23,NEFT,Luxury Goods,0
A31F7B7C-688,USR0049,9217.36,2026-03-04 23:05:49,Delhi,iPhone 14,RTGS,Electronics,0
5BF4F9E3-402,USR0007,1996.51,2026-03-04 23:26:49,Mumbai,Samsung Galaxy S23,Wallet Transfer,Electronics,0
6BB2881B-AF5,USR0044,6454.48,2026-03-04 23:43:49,Chennai,Samsung Galaxy S23,UPI Transfer,Medical,0
C7481982-4A4,USR0050,2194.73,2026-03-04 23:50:49,Chennai,Pixel 7,NEFT,Medical,0
71946269-800,USR0038,10866.0,2026-03-05 01:42:49,Hyderabad,iPhone 14,UPI Transfer,Dining,0
95ED858E-A58,USR0047,5682.31,2026-03-05 02:13:49,Bangalore,Samsung Galaxy S23,Card Payment,Travel,0
C40F4233-827,USR0034,2999.82,2026-03-05 02:48:49,Surat,Pixel 7,NEFT,Travel,0
4FFE0DB7-BC7,USR0013,103335.49,2026-03-05 03:07:49,Kolkata,Unknown Device,UPI Transfer,Unknown Merchant,1
150CEAF9-1AC,USR0035,135591.6,2026-03-05 03:22:49,Kolkata,Pixel 7,NEFT,Groceries,1
D88CB698-84E,USR0005,13646.05,2026-03-05 04:31:49,Pune,iPhone 14,RTGS,Travel,0
D12A14D9-2DF,USR0027,6071.18,2026-03-05 05:38:49,Mumbai,Samsung Galaxy S23,Wallet Transfer,Travel,0
4F61FB4D-872,USR0014,9023.15,2026-03-05 06:51:49,Delhi,OnePlus 11,Wallet Transfer,Travel,0
0D15E3D9-427,USR0010,5695.15,2026-03-05 07:18:49,Delhi,iPhone 14,NEFT,Dining,0
D1E105DC-8A2,USR0035,30943.86,2026-03-05 07:23:49,Surat,Unknown Device,UPI Transfer,Luxury Goods,1
6C3CA3D3-227,USR0049,375614.7,2026-03-05 07:36:49,Kolkata,MacBook Pro,Wallet Transfer,Groceries,1
F28E89F2-AE5,USR0038,5896.69,2026-03-05 07:36:49,Jaipur,iPhone 14,IMPS,Medical,0
DB6D9AF4-AB8,USR0037,8714.69,2026-03-05 07:53:49,Hyderabad,MacBook Pro,NEFT,Utilities,0
DB9752B1-3CF,USR0027,12439.97,2026-03-05 08:24:49,Pune,iPad Air,IMPS,Electronics,0
091BBA86-A9B,USR0045,10424.23,2026-03-05 09:00:49,Pune,Pixel 7,UPI Transfer,Dining,0
6FC86AC0-A58,USR0006,14750.39,2026-03-05 10:34:49,Surat,Windows PC,RTGS,Dining,0
03A838EF-BFB,USR0007,1362.68,2026-03-05 12:14:49,Jaipur,Samsung Galaxy S23,Card Payment,Electronics,0
7658378F-5E7,USR0023,9350.68,2026-03-05 12:48:49,Bangalore,Samsung Galaxy S23,NEFT,Groceries,0
FE9F203F-C39,USR0022,7582.44,2026-03-05 13:08:49,Bangalore,iPhone 14,Wallet Transfer,Utilities,0
9D82693B-21E,USR0029,14497.76,2026-03-05 14:07:49,Jaipur,Samsung Galaxy S23,Card Payment,Dining,0
04139075-4E8,USR0029,14975.75,2026-03-05 14:37:49,Hyderabad,Windows PC,NEFT,Utilities,0
424F1760-3EE,USR0002,476737.82,2026-03-05 19:28:49,Delhi,MacBook Pro,NEFT,Medical,1
BC91E5F7-C65,USR0039,152631.89,2026-03-05 19:49:49,Mumbai,iPad Air,Wallet Transfer,Crypto Exchange,1
EE7DC532-F89,USR0029,232.17,2026-03-05 21:30:49,Mumbai,MacBook Pro,Card Payment,Dining,0
6D9DAEF1-6F8,USR0004,1552.38,2026-03-05 22:22:49,Jaipur,MacBook Pro,NEFT,Groceries,0
5C9E238D-D44,USR0008,2213.35,2026-03-06 00:08:49,Chennai,Samsung Galaxy S23,UPI Transfer,Electronics,0
256268DA-54E,USR0028,76707.92,2026-03-06 00:12:49,Unknown,iPhone 14,IMPS,Medical,1
E9F1DD40-C60,USR0041,7961.08,2026-03-06 00:35:49,Surat,Windows PC,RTGS,Luxury Goods,0
B75E8C3E-DF7,USR0046,7617.22,2026-03-06 01:56:49,Bangalore,Samsung Galaxy S23,IMPS,Utilities,0
319AF190-1F9,USR0046,14795.07,2026-03-06 02:30:49,Ahmedabad,iPad Air,IMPS,Entertainment,0
8FA1750E-C8E,USR0024,9015.34,2026-03-06 03:48:49,Unknown,OnePlus 11,UPI Transfer,Dining,1
6B22941E-D1A,USR0043,388748.94,2026-03-06 04:23:49,Ahmedabad,OnePlus 11,IMPS,Electronics,1
E1D9B181-3F9,USR0044,7319.59,2026-03-06 04:40:49,Surat,Pixel 7,UPI Transfer,Medical,0
0871682C-252,USR0032,2622.88,2026-03-06 04:58:49,Chennai,iPad Air,UPI Transfer,Dining,0
EBE39884-E7C,USR0021,11925.25,2026-03-06 05:51:49,Hyderabad,iPad Air,Wallet Transfer,Medical,0
C7A5C780-3C6,USR0037,2654.21,2026-03-06 06:07:49,Jaipur,Samsung Galaxy S23,UPI Transfer,Luxury Goods,0
EE74A441-784,USR0015,11725.11,2026-03-06 06:25:49,Chennai,Pixel 7,RTGS,Dining,0
7C2E8FE1-A63,USR0049,13875.8,2026-03-06 06:54:49,Bangalore,Pixel 7,NEFT,Utilities,0
52371EA2-27F,USR0015,14588.71,2026-03-06 07:49:49,Hyderabad,Windows PC,RTGS,Utilities,0
036E8492-F66,USR0037,5721.85,2026-03-06 07:52:49,Surat,Samsung Galaxy S23,NEFT,Luxury Goods,0
7A0662AE-A5C,USR0045,14834.18,2026-03-06 09:10:49,Surat,iPad Air,NEFT,Dining,0
A37F3A52-8C5,USR0001,12547.78,2026-03-06 09:48:49,Bangalore,iPhone 14,Wallet Transfer,Electronics,0
435A6117-5CC,USR0025,64532.04,2026-03-06 09:52:49,Foreign-IP,Samsung Galaxy S23,RTGS,Travel,1
5538AEDB-89A,USR0037,25960.3,2026-03-06 10:12:49,Unknown,Samsung Galaxy S23,NEFT,Entertainment,1
F551D77B-8B8,USR0012,2735.74,2026-03-06 10:25:49,Surat,Samsung Galaxy S23,Wallet Transfer,Utilities,0
8077C7A6-3B8,USR0005,5704.16,2026-03-06 10:42:49,Delhi,iPad Air,UPI Transfer,Travel,0
89413347-917,USR0049,13008.55,2026-03-06 11:11:49,Kolkata,iPhone 14,Wallet Transfer,Utilities,0
19C7A075-5ED,USR0009,235.89,2026-03-06 11:19:49,Bangalore,MacBook Pro,Wallet Transfer,Dining,0
BA4156C9-0F5,USR0045,9825.23,2026-03-06 12:22:49,Pune,Pixel 7,Card Payment,Travel,0
1CF32819-6B5,USR0002,17254.39,2026-03-06 12:36:49,Delhi,Emulator,Wallet Transfer,Travel,1
A5A811F9-39A,USR0036,11855.58,2026-03-06 12:46:49,Delhi,iPad Air,Card Payment,Medical,0
D51913D4-1D1,USR0041,12107.47,2026-03-06 13:39:49,Chennai,Pixel 7,Card Payment,Dining,0
76362D51-5DB,USR0035,46477.44,2026-03-06 21:08:49,VPN-Detected,iPad Air,Card Payment,Electronics,1
9C41E953-0E3,USR0023,8706.0,2026-03-06 21:17:49,Pune,MacBook Pro,NEFT,Electronics,0
6772AA37-719,USR0045,8983.45,2026-03-06 22:05:49,Hyderabad,Pixel 7,RTGS,Entertainment,0
E9FBF071-83B,USR0029,12193.77,2026-03-06 22:20:49,Mumbai,MacBook Pro,Card Payment,Luxury Goods,0
E586EF2C-876,USR0036,11508.65,2026-03-06 22:26:49,Bangalore,Windows PC,RTGS,Utilities,0
D136D7C3-058,USR0016,12215.58,2026-03-06 23:00:49,Mumbai,OnePlus 11,RTGS,Travel,0
C249CDEB-B74,USR0009,12502.08,2026-03-06 23:21:49,Jaipur,Pixel 7,Card Payment,Travel,0
7C6D1AB4-0D2,USR0043,362.97,2026-03-06 23:23:49,Surat,Windows PC,Card Payment,Dining,0
B1FE5AE3-FFB,USR0016,12302.0,2026-03-07 00:04:49,Surat,OnePlus 11,IMPS,Dining,0
59C3B702-E07,USR0024,424909.45,2026-03-07 00:51:49,Hyderabad,iPhone 14,Wallet Transfer,Entertainment,1
9C822D6E-3E3,USR0022,932.55,2026-03-07 01:17:49,Chennai,OnePlus 11,Wallet Transfer,Electronics,0
60FB529E-CBF,USR0036,10877.61,2026-03-07 01:19:49,Delhi,iPhone 14,Card Payment,Dining,0
4F9B02F4-2FB,USR0036,11291.24,2026-03-07 01:22:49,Pune,iPad Air,RTGS,Utilities,0
25C51A95-312,USR0001,366781.02,2026-03-07 01:24:49,Pune,Pixel 7,IMPS,Electronics,1
6F271BB0-CF9,USR0023,23751.68,2026-03-07 02:11:49,Mumbai,Emulator,RTGS,Utilities,1
B6B0DC91-472,USR0039,144597.67,2026-03-07 02:52:49,Kolkata,Samsung Galaxy S23,UPI Transfer,Unknown Merchant,1
C12BC7EC-3E6,USR0012,2076.49,2026-03-07 03:22:49,Delhi,iPhone 14,NEFT,Luxury Goods,0
3E9426F2-281,USR0007,12504.51,2026-03-07 04:23:49,Kolkata,iPad Air,NEFT,Electronics,0
96989EAF-8C6,USR0002,10456.68,2026-03-07 04:55:49,Hyderabad,Samsung Galaxy S23,NEFT,Luxury Goods,0
0CE470B3-F95,USR0020,12016.8,2026-03-07 06:06:49,Mumbai,Windows PC,UPI Transfer,Dining,0
1E282B9C-665,USR0028,7340.35,2026-03-07 06:20:49,Pune,Samsung Galaxy S23,Wallet Transfer,Travel,0
A3B33D9C-550,USR0010,5209.21,2026-03-07 06:40:49,Kolkata,iPhone 14,Wallet Transfer,Travel,0
F8E8BBA4-4EC,USR0026,8982.72,2026-03-07 06:46:49,Bangalore,OnePlus 11,RTGS,Utilities,0
E475B1E0-F78,USR0010,11901.05,2026-03-07 07:09:49,Pune,MacBook Pro,Wallet Transfer,Groceries,0
94D7415B-93E,USR0032,6498.86,2026-03-07 07:40:49,Kolkata,OnePlus 11,IMPS,Medical,0
F72FE210-18D,USR0035,3612.52,2026-03-07 07:43:49,Ahmedabad,OnePlus 11,Card Payment,Electronics,0
F44DC515-A6C,USR0050,8071.86,2026-03-07 07:56:49,Kolkata,iPhone 14,NEFT,Utilities,0
CD99742F-557,USR0029,3934.36,2026-03-07 08:36:49,Ahmedabad,MacBook Pro,IMPS,Luxury Goods,0
74EB8CF3-052,USR0038,4200.2,2026-03-07 08:44:49,Pune,OnePlus 11,UPI Transfer,Luxury Goods,0
C2FD1F48-0C2,USR0025,8614.2,2026-03-07 10:21:49,Delhi,MacBook Pro,UPI Transfer,Travel,0
D6DFDBAA-6C2,USR0002,457.95,2026-03-07 10:53:49,Kolkata,Pixel 7,IMPS,Dining,0
216D46B0-94E,USR0041,4192.97,2026-03-07 10:59:49,Ahmedabad,OnePlus 11,Wallet Transfer,Dining,0
E6EB15D2-151,USR0017,4362.73,2026-03-07 11:45:49,Hyderabad,OnePlus 11,NEFT,Utilities,0
0F3F8678-B8D,USR0043,9487.41,2026-03-07 12:52:49,Surat,MacBook Pro,Wallet Transfer,Luxury Goods,0
C7D46117-981,USR0031,14969.52,2026-03-07 13:45:49,Jaipur,OnePlus 11,UPI Transfer,Utilities,0
54CEAF55-9EC,USR0049,378.09,2026-03-07 13:59:49,Jaipur,Samsung Galaxy S23,UPI Transfer,Entertainment,0
BFF597AA-A95,USR0002,424166.3,2026-03-07 15:21:49,Kolkata,Samsung Galaxy S23,NEFT,Luxury Goods,1
3BA0D0C7-270,USR0014,8625.83,2026-03-07 16:27:49,Unknown,Pixel 7,NEFT,Travel,1
0785C896-9F6,USR0007,16327.57,2026-03-07 20:09:49,Surat,Emulator,RTGS,Medical,1
029DEB05-444,USR0021,61599.47,2026-03-07 20:47:49,Foreign-IP,MacBook Pro,UPI Transfer,Electronics,1
BF67D21A-F46,USR0007,140956.06,2026-03-07 20:59:49,Bangalore,iPad Air,Card Payment,Medical,1
EF2F5549-225,USR0028,34828.87,2026-03-07 22:22:49,Kolkata,Unknown Device,NEFT,Dining,1
6953C003-7FA,USR0013,6808.2,2026-03-07 23:00:49,Unknown,iPad Air,UPI Transfer,Travel,1
CC3D5DD6-FA3,USR0034,373060.27,2026-03-08 00:33:49,Pune,iPad Air,RTGS,Electronics,1
C5A310DC-0CB,USR0034,13016.43,2026-03-08 01:15:49,Delhi,Samsung Galaxy S23,UPI Transfer,Medical,0
7A3CD091-E89,USR0047,4288.97,2026-03-08 02:17:49,Delhi,Pixel 7,IMPS,Dining,0
90981C37-53C,USR0045,2465.37,2026-03-08 02:25:49,Bangalore,OnePlus 11,RTGS,Dining,0
410A15E7-E65,USR0021,3541.45,2026-03-08 02:29:49,Bangalore,iPad Air,UPI Transfer,Utilities,0
4A6CCC40-762,USR0034,2284.09,2026-03-08 02:50:49,Delhi,iPhone 14,IMPS,Medical,0
3F1F4AE3-B05,USR0006,3352.0,2026-03-08 03:18:49,Chennai,iPhone 14,UPI Transfer,Travel,0
9EA002A1-FBA,USR0027,13406.79,2026-03-08 03:44:49,Bangalore,Pixel 7,UPI Transfer,Electronics,0
0D5AD529-982,USR0036,13706.78,2026-03-08 03:56:49,Ahmedabad,MacBook Pro,RTGS,Dining,0
8B1F5AA8-AE6,USR0037,3915.47,2026-03-08 04:17:49,Bangalore,OnePlus 11,RTGS,Dining,0
B6F1416A-970,USR0028,9570.97,2026-03-08 04:21:49,Delhi,MacBook Pro,Card Payment,Medical,0
A9F88FBA-D00,USR0012,1543.79,2026-03-08 05:51:49,Chennai,Windows PC,IMPS,Groceries,0
26D60F4A-622,USR0036,425.59,2026-03-08 06:46:49,Delhi,Pixel 7,RTGS,Medical,0
B7E6B45C-9B8,USR0024,1344.01,2026-03-08 07:25:49,Pune,iPad Air,Card Payment,Entertainment,0
C0FB4991-D76,USR0041,811.22,2026-03-08 08:09:49,Delhi,Windows PC,IMPS,Groceries,0
816885EE-DEC,USR0039,9064.77,2026-03-08 09:04:49,Surat,Pixel 7,RTGS,Electronics,0
589596C1-CAC,USR0049,11712.65,2026-03-08 09:37:49,Pune,iPad Air,IMPS,Dining,0
F4989B30-794,USR0037,6874.91,2026-03-08 09:45:49,Ahmedabad,OnePlus 11,RTGS,Utilities,0
E3B89C74-06E,USR0028,2976.51,2026-03-08 10:01:49,Bangalore,Samsung Galaxy S23,RTGS,Entertainment,0
FFE412B4-BF2,USR0023,334959.01,2026-03-08 10:42:49,Chennai,Pixel 7,IMPS,Entertainment,1
8DF3F61F-B41,USR0005,7714.43,2026-03-08 11:09:49,Hyderabad,Samsung Galaxy S23,IMPS,Medical,0
82980460-8C9,USR0043,4057.12,2026-03-08 11:24:49,Jaipur,iPhone 14,IMPS,Utilities,0
E6F286A2-D99,USR0013,823.3,2026-03-08 11:29:49,Chennai,iPhone 14,UPI Transfer,Luxury Goods,0
D4F4F94C-864,USR0011,4833.55,2026-03-08 12:02:49,Bangalore,Samsung Galaxy S23,Card Payment,Electronics,0
03BE4D24-CC7,USR0050,10302.72,2026-03-08 12:08:49,Surat,Samsung Galaxy S23,Wallet Transfer,Travel,0
F42D5E26-0B8,USR0005,36670.11,2026-03-08 12:28:49,Hyderabad,Emulator,IMPS,Travel,1
6A5ACB41-3F3,USR0021,8968.92,2026-03-08 12:43:49,Pune,Pixel 7,RTGS,Entertainment,0
1959688C-F3B,USR0037,7672.6,2026-03-08 13:39:49,Pune,MacBook Pro,IMPS,Utilities,0
203D697F-600,USR0021,8764.15,2026-03-08 13:52:49,Kolkata,Samsung Galaxy S23,Card Payment,Groceries,0
9822B45F-099,USR0033,11552.68,2026-03-08 14:01:49,Ahmedabad,Pixel 7,NEFT,Medical,0
6353EEAE-541,USR0011,7194.76,2026-03-08 14:14:49,Chennai,MacBook Pro,RTGS,Electronics,0
3195462B-E02,USR0005,12300.53,2026-03-08 14:47:49,Delhi,Pixel 7,NEFT,Electronics,0
D3135338-2F5,USR0005,310275.41,2026-03-08 16:10:49,Chennai,Windows PC,RTGS,Dining,1
5F5F4D37-BA5,USR0035,30112.47,2026-03-08 19:52:49,Kolkata,Emulator,IMPS,Crypto Exchange,1
A1DC3974-385,USR0025,435656.26,2026-03-08 20:17:49,Chennai,iPad Air,IMPS,Groceries,1
23C3AB73-619,USR0002,1997.12,2026-03-08 22:51:49,Kolkata,iPhone 14,IMPS,Medical,0
096D6D2D-8E7,USR0042,14332.01,2026-03-08 23:14:49,Jaipur,iPad Air,UPI Transfer,Dining,0
991825D3-DD4,USR0005,3474.33,2026-03-09 00:19:49,Surat,OnePlus 11,RTGS,Utilities,0
5C71B556-D6C,USR0039,10927.06,2026-03-09 01:37:49,Chennai,Windows PC,Card Payment,Entertainment,0
DB13B67A-387,USR0043,13273.91,2026-03-09 01:38:49,Bangalore,Unknown Device,RTGS,Unknown Merchant,1
6F0B7658-C7B,USR0024,14658.84,2026-03-09 02:29:49,Mumbai,Samsung Galaxy S23,IMPS,Groceries,0
EDB5C243-68F,USR0040,5675.67,2026-03-09 03:26:49,Mumbai,Samsung Galaxy S23,Card Payment,Medical,0
13A6035D-AA3,USR0010,6564.42,2026-03-09 03:46:49,Chennai,Samsung Galaxy S23,IMPS,Entertainment,0
774A98D3-9E4,USR0035,1345.9,2026-03-09 04:26:49,Pune,iPad Air,Wallet Transfer,Dining,0
37120FA3-CAC,USR0006,14255.27,2026-03-09 04:47:49,Bangalore,Windows PC,IMPS,Travel,0
7F1E0B2A-2AE,USR0027,13168.42,2026-03-09 05:59:49,Jaipur,MacBook Pro,IMPS,Luxury Goods,0
AF2838EB-B04,USR0020,3565.21,2026-03-09 06:23:49,Jaipur,Windows PC,NEFT,Medical,0
EE0F5D49-084,USR0041,13752.82,2026-03-09 06:44:49,Hyderabad,Windows PC,Card Payment,Electronics,0
DF7830F2-9C7,USR0014,11384.44,2026-03-09 08:01:49,Mumbai,Samsung Galaxy S23,Card Payment,Electronics,0
1359DAA8-9A5,USR0044,7212.43,2026-03-09 08:02:49,Kolkata,iPhone 14,Card Payment,Utilities,0
E09A7D4D-3FA,USR0033,4688.89,2026-03-09 09:39:49,Pune,Pixel 7,RTGS,Electronics,0
510BB544-98B,USR0007,13993.84,2026-03-09 09:48:49,Chennai,Pixel 7,Wallet Transfer,Luxury Goods,0
8A14EA19-B06,USR0044,14074.57,2026-03-09 11:02:49,Mumbai,Pixel 7,IMPS,Utilities,0
5953CBC2-940,USR0050,1537.9,2026-03-09 11:44:49,Kolkata,Pixel 7,Wallet Transfer,Entertainment,0
35F33599-9EB,USR0005,15464.1,2026-03-09 11:55:49,Unknown,Pixel 7,Wallet Transfer,Utilities,1
8B354483-226,USR0049,6029.77,2026-03-09 14:13:49,Delhi,Samsung Galaxy S23,UPI Transfer,Electronics,0
4FD6DC52-426,USR0018,11144.74,2026-03-09 14:56:49,Delhi,Pixel 7,UPI Transfer,Luxury Goods,0
8018EB1B-11E,USR0034,370906.28,2026-03-09 16:44:49,Ahmedabad,Samsung Galaxy S23,IMPS,Entertainment,1
DE18ACD3-1DF,USR0033,416.08,2026-03-09 21:16:49,Delhi,MacBook Pro,NEFT,Utilities,0
0411FB98-77D,USR0021,11801.83,2026-03-09 21:38:49,Bangalore,Samsung Galaxy S23,IMPS,Utilities,0
42A969BF-1D0,USR0020,6503.36,2026-03-09 21:39:49,Delhi,OnePlus 11,Card Payment,Dining,0
4D33E7B7-BDE,USR0002,33795.92,2026-03-09 21:57:49,Pune,Unknown Device,Card Payment,Entertainment,1
DC489DF2-CFD,USR0031,2502.22,2026-03-09 22:20:49,Ahmedabad,iPhone 14,RTGS,Electronics,0
37586E7A-CD4,USR0018,9320.21,2026-03-09 22:31:49,Ahmedabad,iPad Air,Card Payment,Electronics,0
693622A8-8BC,USR0021,11635.66,2026-03-09 22:40:49,Mumbai,Pixel 7,IMPS,Utilities,0
53CB9331-005,USR0042,13286.49,2026-03-09 23:28:49,Delhi,Windows PC,Wallet Transfer,Travel,0
AE1151EB-5D6,USR0045,10509.81,2026-03-10 00:27:49,Mumbai,Samsung Galaxy S23,NEFT,Entertainment,0
C84FE4C3-5AF,USR0005,10986.81,2026-03-10 01:08:49,Chennai,Samsung Galaxy S23,IMPS,Electronics,0
DC61C1F8-EC9,USR0031,241.51,2026-03-10 01:18:49,Jaipur,OnePlus 11,NEFT,Travel,0
E4F87A9C-146,USR0044,3978.16,2026-03-10 01:40:49,Chennai,MacBook Pro,IMPS,Electronics,0
F5AB7590-EB6,USR0013,103281.92,2026-03-10 02:25:49,Ahmedabad,Pixel 7,UPI Transfer,Crypto Exchange,1
7BE62AC6-4FB,USR0015,3172.39,2026-03-10 02:36:49,Delhi,iPad Air,Wallet Transfer,Medical,0
E72FBE6D-311,USR0005,171784.6,2026-03-10 02:46:49,Kolkata,Windows PC,Wallet Transfer,Medical,1
C213351A-57D,USR0037,152797.45,2026-03-10 02:49:49,Delhi,Windows PC,RTGS,Unknown Merchant,1
46D9C783-E79,USR0003,10599.43,2026-03-10 03:14:49,Delhi,iPhone 14,Wallet Transfer,Medical,0
C6FB004D-073,USR0014,58931.5,2026-03-10 04:14:49,Ahmedabad,Emulator,UPI Transfer,Electronics,1
4B60494B-C0B,USR0002,7329.4,2026-03-10 04:32:49,Delhi,iPhone 14,UPI Transfer,Entertainment,0
A7A8BEEB-60D,USR0001,9712.12,2026-03-10 06:04:49,Surat,Windows PC,UPI Transfer,Medical,0
2138C6CC-CA1,USR0045,4138.7,2026-03-10 06:37:49,Delhi,iPhone 14,NEFT,Medical,0
C0C97FA4-607,USR0015,6920.52,2026-03-10 07:36:49,Hyderabad,Pixel 7,Wallet Transfer,Medical,0
230D82C4-536,USR0019,1099.93,2026-03-10 07:42:49,Delhi,iPad Air,UPI Transfer,Electronics,0
9010E28F-E02,USR0013,13478.63,2026-03-10 08:25:49,Delhi,Windows PC,NEFT,Groceries,0
313EFEC3-FC4,USR0024,4439.15,2026-03-10 08:47:49,Bangalore,iPad Air,RTGS,Entertainment,0
E09D8AD6-AED,USR0022,9271.65,2026-03-10 09:04:49,Kolkata,MacBook Pro,RTGS,Entertainment,0
C05C40BF-EA2,USR0039,194356.37,2026-03-10 09:13:49,Surat,OnePlus 11,UPI Transfer,Unknown Merchant,1
8EAC9764-158,USR0041,3996.23,2026-03-10 09:49:49,Kolkata,Pixel 7,IMPS,Utilities,0
2D72BE21-966,USR0025,6213.38,2026-03-10 10:28:49,Mumbai,iPad Air,NEFT,Travel,0
79817322-3C4,USR0020,1350.23,2026-03-10 10:30:49,Jaipur,Samsung Galaxy S23,NEFT,Medical,0
3FA5E506-49A,USR0015,4059.74,2026-03-10 10:44:49,Ahmedabad,iPad Air,Wallet Transfer,Utilities,0
06688E0A-28C,USR0008,4249.29,2026-03-10 10:48:49,Delhi,MacBook Pro,NEFT,Travel,0
12A11EC3-006,USR0032,50543.68,2026-03-10 10:56:49,Delhi,Samsung Galaxy S23,Card Payment,Unknown Merchant,1
B26466E8-37E,USR0009,1981.7,2026-03-10 11:09:49,Bangalore,Pixel 7,Wallet Transfer,Utilities,0
4B7AF13D-BFC,USR0010,12090.42,2026-03-10 12:08:49,Bangalore,Pixel 7,IMPS,Electronics,0
3DD7AC0A-F8F,USR0002,10436.52,2026-03-10 12:19:49,Delhi,Pixel 7,Wallet Transfer,Travel,0
0A9702D3-313,USR0001,12879.44,2026-03-10 12:32:49,Hyderabad,OnePlus 11,Wallet Transfer,Utilities,0
8BCDE7FE-3BB,USR0017,6408.99,2026-03-10 12:42:49,Ahmedabad,OnePlus 11,Card Payment,Utilities,0
19F2CC53-00E,USR0046,12447.44,2026-03-10 12:42:49,Ahmedabad,MacBook Pro,RTGS,Utilities,0
1C8BCCA0-955,USR0011,1455.4,2026-03-10 12:45:49,Kolkata,iPhone 14,RTGS,Utilities,0
93410577-0D0,USR0028,2521.98,2026-03-10 13:18:49,Pune,Windows PC,RTGS,Dining,0
FCAAF1D2-47E,USR0043,8699.79,2026-03-10 13:35:49,Chennai,Pixel 7,NEFT,Medical,0
A8AA9E2B-C0F,USR0014,13654.34,2026-03-10 21:50:49,Hyderabad,iPad Air,NEFT,Groceries,0
62CA0240-048,USR0032,4546.81,2026-03-10 22:27:49,Ahmedabad,Windows PC,RTGS,Electronics,0
36C00524-E6C,USR0026,10493.02,2026-03-10 22:36:49,Delhi,iPad Air,Card Payment,Entertainment,0
A80DEB4C-994,USR0025,41462.95,2026-03-10 22:41:49,Chennai,Jailbroken Device,Card Payment,Entertainment,1
56FED563-66F,USR0001,11341.55,2026-03-10 22:47:49,Surat,iPhone 14,UPI Transfer,Electronics,0
307451B4-162,USR0047,11352.03,2026-03-10 23:05:49,Bangalore,Samsung Galaxy S23,Card Payment,Travel,0
11DB1944-C91,USR0001,11862.3,2026-03-10 23:39:49,Hyderabad,iPad Air,NEFT,Entertainment,0
4E2B5402-43F,USR0024,3437.81,2026-03-11 00:03:49,Mumbai,Samsung Galaxy S23,UPI Transfer,Medical,0
5644DC7F-97B,USR0010,7738.22,2026-03-11 00:26:49,Delhi,MacBook Pro,RTGS,Entertainment,0
276A0AAB-361,USR0043,2279.07,2026-03-11 00:29:49,Mumbai,Samsung Galaxy S23,NEFT,Dining,0
B2AB1324-4CF,USR0003,6486.56,2026-03-11 01:13:49,Kolkata,iPad Air,NEFT,Utilities,0
D3A29904-530,USR0034,6118.68,2026-03-11 01:46:49,Hyderabad,iPad Air,Wallet Transfer,Luxury Goods,0
FC0ED465-7A6,USR0049,41140.0,2026-03-11 02:31:49,Kolkata,MacBook Pro,Wallet Transfer,Unknown Merchant,1
EA80A49F-E9C,USR0025,57977.57,2026-03-11 02:38:49,Unknown,iPad Air,Card Payment,Travel,1
1D1AFFD2-2B0,USR0001,12487.82,2026-03-11 04:00:49,Mumbai,OnePlus 11,Card Payment,Medical,0
90B7A67A-149,USR0049,7678.46,2026-03-11 04:33:49,Jaipur,Windows PC,UPI Transfer,Entertainment,0
345FABBB-9AC,USR0034,6996.91,2026-03-11 05:32:49,Kolkata,OnePlus 11,RTGS,Travel,0
24ACBDB7-24B,USR0011,14515.56,2026-03-11 05:46:49,Chennai,iPhone 14,Wallet Transfer,Groceries,0
5FCD1299-DD6,USR0024,3669.0,2026-03-11 07:03:49,Bangalore,iPad Air,UPI Transfer,Electronics,0
5BB68E87-637,USR0037,46034.25,2026-03-11 07:20:49,Foreign-IP,iPhone 14,NEFT,Electronics,1
1E554260-693,USR0037,92220.89,2026-03-11 07:20:49,Mumbai,Pixel 7,UPI Transfer,Crypto Exchange,1
C65FD684-AA0,USR0001,227.21,2026-03-11 09:03:49,Kolkata,Windows PC,NEFT,Entertainment,0
27B924B8-41A,USR0046,4024.21,2026-03-11 09:56:49,Kolkata,iPad Air,IMPS,Utilities,0
02EB08F1-A8A,USR0040,1251.32,2026-03-11 10:00:49,Hyderabad,Samsung Galaxy S23,Card Payment,Dining,0
9512C57C-EAD,USR0024,3895.77,2026-03-11 10:01:49,Jaipur,OnePlus 11,RTGS,Dining,0
87400C9B-34B,USR0024,2446.49,2026-03-11 10:54:49,Bangalore,Samsung Galaxy S23,Wallet Transfer,Travel,0
F2A64BD7-E4E,USR0004,2431.15,2026-03-11 11:40:49,Kolkata,OnePlus 11,Wallet Transfer,Dining,0
9614B1F3-82E,USR0017,2295.77,2026-03-11 11:45:49,Hyderabad,iPad Air,Wallet Transfer,Travel,0
06CEE2AF-716,USR0050,1525.49,2026-03-11 11:50:49,Ahmedabad,iPad Air,UPI Transfer,Electronics,0
E646DC1E-4EC,USR0046,10592.85,2026-03-11 12:29:49,Bangalore,Windows PC,NEFT,Luxury Goods,0
299C47AE-248,USR0040,9033.57,2026-03-11 13:07:49,Pune,iPhone 14,IMPS,Dining,0
C474CD31-97B,USR0049,2456.77,2026-03-11 13:12:49,Mumbai,MacBook Pro,NEFT,Electronics,0
C437B131-EA9,USR0014,12860.41,2026-03-11 13:30:49,Delhi,iPhone 14,NEFT,Travel,0
57882989-358,USR0009,14259.15,2026-03-11 14:03:49,Mumbai,Pixel 7,Card Payment,Electronics,0
C0BC399B-5A0,USR0023,12096.82,2026-03-11 14:49:49,Hyderabad,MacBook Pro,IMPS,Electronics,0
AC9504B5-B89,USR0009,8527.06,2026-03-11 14:59:49,Chennai,iPhone 14,Card Payment,Travel,0
8DC384A8-C30,USR0049,9987.52,2026-03-11 18:09:49,VPN-Detected,MacBook Pro,Card Payment,Travel,1
89F4CA74-C83,USR0023,27978.47,2026-03-11 21:20:49,Hyderabad,Unknown Device,NEFT,Utilities,1
313DC6DE-83E,USR0012,4179.07,2026-03-11 21:21:49,Kolkata,iPhone 14,IMPS,Luxury Goods,0
BF6C3035-F17,USR0022,7806.47,2026-03-11 21:31:49,Surat,Samsung Galaxy S23,UPI Transfer,Electronics,0
4F0077A7-862,USR0004,5396.7,2026-03-11 21:54:49,Chennai,Samsung Galaxy S23,IMPS,Groceries,0
69806E69-D3E,USR0023,2970.35,2026-03-11 22:01:49,Chennai,Pixel 7,Card Payment,Entertainment,0
ED002730-086,USR0018,12367.55,2026-03-11 22:38:49,Ahmedabad,iPad Air,RTGS,Luxury Goods,0
2FE4D52A-946,USR0006,10976.3,2026-03-11 23:06:49,Delhi,Samsung Galaxy S23,Wallet Transfer,Groceries,0
A1586338-29C,USR0017,13531.99,2026-03-11 23:24:49,Chennai,Pixel 7,Wallet Transfer,Electronics,0
61492964-A8B,USR0005,33151.0,2026-03-12 00:45:49,Bangalore,iPad Air,Wallet Transfer,Unknown Merchant,1
E391DC00-04D,USR0039,51611.98,2026-03-12 01:21:49,Ahmedabad,Emulator,IMPS,Luxury Goods,1
8BE28FD9-71A,USR0050,2301.92,2026-03-12 01:22:49,Ahmedabad,OnePlus 11,Card Payment,Electronics,0
482B85F3-5A5,USR0023,12803.9,2026-03-12 01:39:49,Kolkata,iPad Air,IMPS,Utilities,0
0E5CC61D-0BD,USR0037,4423.93,2026-03-12 02:11:49,Hyderabad,Pixel 7,Wallet Transfer,Medical,0
988337FB-C77,USR0032,7926.03,2026-03-12 02:57:49,Bangalore,Windows PC,Card Payment,Groceries,0
6BEBC101-56F,USR0007,182945.81,2026-03-12 03:20:49,Hyderabad,Unknown Device,Card Payment,Unknown Merchant,1
2522484F-778,USR0013,1119.22,2026-03-12 03:52:49,Hyderabad,OnePlus 11,Card Payment,Luxury Goods,0
7B0712D8-7EF,USR0045,5109.05,2026-03-12 04:16:49,Ahmedabad,iPhone 14,Wallet Transfer,Utilities,0
3727B809-3D6,USR0039,2032.77,2026-03-12 04:20:49,Pune,Windows PC,RTGS,Electronics,0
D8CF84F8-025,USR0037,50022.59,2026-03-12 04:55:49,Pune,Jailbroken Device,NEFT,Utilities,1
73CEBDBA-8AC,USR0012,30759.03,2026-03-12 05:30:49,VPN-Detected,Samsung Galaxy S23,UPI Transfer,Unknown Merchant,1
52E55A2A-DF1,USR0012,45234.1,2026-03-12 05:32:49,Foreign-IP,Samsung Galaxy S23,Card Payment,Travel,1
89FFB832-E38,USR0007,8138.3,2026-03-12 05:42:49,Delhi,Jailbroken Device,RTGS,Travel,1
18477BE2-028,USR0049,8338.29,2026-03-12 05:55:49,Kolkata,Samsung Galaxy S23,UPI Transfer,Electronics,0
433F5ACF-A31,USR0001,9543.28,2026-03-12 07:03:49,Mumbai,Pixel 7,RTGS,Medical,0
B14D6009-C79,USR0014,1311.0,2026-03-12 08:31:49,Hyderabad,MacBook Pro,RTGS,Dining,0
74B423A7-78F,USR0007,2226.43,2026-03-12 08:54:49,Hyderabad,OnePlus 11,Card Payment,Entertainment,0
9387D5F8-AB6,USR0042,7123.29,2026-03-12 09:58:49,Chennai,OnePlus 11,RTGS,Medical,0
15BC49DE-18B,USR0034,80040.01,2026-03-12 11:50:49,Bangalore,Unknown Device,UPI Transfer,Unknown Merchant,1
7405DEB8-4F2,USR0001,341091.64,2026-03-12 12:37:49,Hyderabad,Windows PC,UPI Transfer,Groceries,1
F3DE6437-350,USR0002,1880.55,2026-03-12 12:48:49,Delhi,iPhone 14,Card Payment,Utilities,0
018F52D3-689,USR0050,12459.55,2026-03-12 13:30:49,Bangalore,iPhone 14,Wallet Transfer,Utilities,0
312FECD4-227,USR0024,177568.12,2026-03-12 14:13:49,Kolkata,iPhone 14,IMPS,Unknown Merchant,1
97A5D097-375,USR0025,40826.63,2026-03-12 19:56:49,Unknown,iPad Air,UPI Transfer,Travel,1
F10EC545-AEE,USR0026,12131.47,2026-03-12 21:31:49,Jaipur,Windows PC,UPI Transfer,Electronics,0
D7AE16CF-1E6,USR0013,14385.3,2026-03-12 23:16:49,Delhi,Pixel 7,RTGS,Travel,0
30285EDB-5CF,USR0034,56725.64,2026-03-12 23:57:49,Unknown,OnePlus 11,NEFT,Groceries,1
7B05A5BB-269,USR0040,7442.75,2026-03-13 00:32:49,Surat,Samsung Galaxy S23,NEFT,Dining,0
BEB54A17-7C5,USR0035,11211.97,2026-03-13 00:48:49,Pune,OnePlus 11,IMPS,Dining,0
5BCC627E-5B1,USR0037,80638.92,2026-03-13 01:13:49,Pune,iPhone 14,NEFT,Crypto Exchange,1
A522FD94-BE9,USR0013,247456.95,2026-03-13 03:03:49,Ahmedabad,Windows PC,Card Payment,Travel,1
860569C6-7A9,USR0015,4613.65,2026-03-13 03:14:49,Pune,MacBook Pro,NEFT,Dining,0
27CDFE1A-BAC,USR0011,14399.51,2026-03-13 03:32:49,Chennai,iPhone 14,Card Payment,Luxury Goods,0
05E273B1-33E,USR0050,10206.82,2026-03-13 04:05:49,Kolkata,Windows PC,Wallet Transfer,Groceries,0
C5EACBD2-793,USR0034,5990.15,2026-03-13 04:08:49,Jaipur,Pixel 7,Card Payment,Medical,0
D5DF4A3C-1F7,USR0011,8700.91,2026-03-13 06:57:49,Delhi,Samsung Galaxy S23,Card Payment,Electronics,0
0C84A30B-CC1,USR0017,5931.54,2026-03-13 07:28:49,Ahmedabad,Windows PC,Card Payment,Entertainment,0
74BCE8CA-442,USR0005,14325.54,2026-03-13 08:06:49,Chennai,iPad Air,IMPS,Groceries,0
D142EB61-2FA,USR0035,7013.84,2026-03-13 08:28:49,Chennai,Jailbroken Device,Card Payment,Medical,1
B29E826C-F4C,USR0002,10802.96,2026-03-13 08:36:49,Surat,Samsung Galaxy S23,IMPS,Electronics,0
70B958D1-C86,USR0016,2725.3,2026-03-13 10:09:49,Kolkata,OnePlus 11,UPI Transfer,Medical,0
5DAF8B63-9B1,USR0028,10699.96,2026-03-13 11:37:49,Chennai,iPad Air,Wallet Transfer,Entertainment,0
52319BFD-7F0,USR0028,4608.12,2026-03-13 12:22:49,Delhi,Samsung Galaxy S23,Wallet Transfer,Utilities,0
FA98C4F9-230,USR0019,6874.49,2026-03-13 13:06:49,Kolkata,iPad Air,UPI Transfer,Travel,0
06D59C77-6C1,USR0043,111889.42,2026-03-13 14:01:49,Chennai,iPad Air,IMPS,Crypto Exchange,1
D897BAEC-537,USR0032,62836.47,2026-03-13 15:28:49,Hyderabad,Unknown Device,Card Payment,Unknown Merchant,1
8C6ED0CB-D46,USR0021,61721.47,2026-03-13 17:14:49,Unknown,Samsung Galaxy S23,IMPS,Utilities,1
713B8FC8-7A0,USR0020,53010.21,2026-03-13 18:47:49,Unknown,iPhone 14,NEFT,Utilities,1
43B5E156-911,USR0049,90268.64,2026-03-13 20:07:49,Chennai,Windows PC,IMPS,Travel,1
A3E94136-D71,USR0011,9488.63,2026-03-13 21:38:49,Chennai,iPad Air,RTGS,Electronics,0
D5031150-500,USR0026,9741.62,2026-03-13 22:24:49,Ahmedabad,Pixel 7,Card Payment,Groceries,0
21BF9ABB-1E6,USR0050,7008.74,2026-03-13 23:51:49,Pune,MacBook Pro,RTGS,Luxury Goods,0
11F7884F-39B,USR0021,5447.37,2026-03-14 00:42:49,Mumbai,Samsung Galaxy S23,Card Payment,Luxury Goods,0
85E5DB52-01C,USR0041,6598.27,2026-03-14 01:00:49,Ahmedabad,Windows PC,Wallet Transfer,Groceries,0
69E1B6BC-34E,USR0032,17172.1,2026-03-14 01:10:49,Hyderabad,Unknown Device,RTGS,Entertainment,1
1AF6765A-916,USR0049,14138.66,2026-03-14 01:36:49,Surat,Windows PC,NEFT,Entertainment,0
99F72DFE-940,USR0048,7573.29,2026-03-14 02:19:49,Mumbai,iPad Air,Card Payment,Travel,0
3731269A-702,USR0001,71629.88,2026-03-14 02:28:49,Pune,Unknown Device,Card Payment,Unknown Merchant,1
F5D22879-535,USR0006,14939.12,2026-03-14 05:11:49,Hyderabad,Windows PC,Wallet Transfer,Electronics,0
4BB5B39D-848,USR0037,128172.81,2026-03-14 05:53:49,Bangalore,OnePlus 11,UPI Transfer,Groceries,1
E8236F6C-D05,USR0025,880.99,2026-03-14 06:30:49,Mumbai,iPhone 14,Card Payment,Dining,0
CB354643-C6E,USR0002,26604.76,2026-03-14 06:40:49,VPN-Detected,iPad Air,Card Payment,Groceries,1
1E305E89-953,USR0002,1049.46,2026-03-14 07:16:49,Chennai,OnePlus 11,RTGS,Luxury Goods,0
05E04E1B-E02,USR0009,14332.4,2026-03-14 07:39:49,Kolkata,iPad Air,Wallet Transfer,Utilities,0
8AF85F1B-5FF,USR0039,8718.32,2026-03-14 07:56:49,Kolkata,iPad Air,IMPS,Utilities,0
FDF3A18C-A3F,USR0046,13878.48,2026-03-14 07:59:49,Pune,iPhone 14,RTGS,Medical,0
8EBE0CDF-8F2,USR0050,5355.24,2026-03-14 08:00:49,Jaipur,iPhone 14,RTGS,Groceries,0
CAB20EC7-8B2,USR0041,959.8,2026-03-14 08:46:49,Pune,Windows PC,RTGS,Dining,0
6A75C5ED-84F,USR0043,315619.17,2026-03-14 09:26:49,Jaipur,Windows PC,IMPS,Travel,1
E07AA663-6A9,USR0032,30437.89,2026-03-14 09:41:49,Mumbai,Unknown Device,RTGS,Groceries,1
5672D5CF-16E,USR0037,41644.09,2026-03-14 09:41:49,Foreign-IP,iPhone 14,NEFT,Medical,1
0F5DC60E-8E7,USR0050,6636.34,2026-03-14 10:15:49,Jaipur,iPhone 14,IMPS,Travel,0
D52F1243-C14,USR0021,183.02,2026-03-14 10:57:49,Hyderabad,Pixel 7,Wallet Transfer,Luxury Goods,0
849AD31C-080,USR0012,3855.01,2026-03-14 10:58:49,Delhi,Samsung Galaxy S23,IMPS,Utilities,0
EBEB8D05-463,USR0015,699.47,2026-03-14 11:13:49,Surat,MacBook Pro,Wallet Transfer,Entertainment,0
A960C61D-513,USR0017,1476.94,2026-03-14 11:18:49,Kolkata,iPad Air,IMPS,Medical,0
81E6FAAF-A26,USR0031,4493.71,2026-03-14 11:45:49,Bangalore,Samsung Galaxy S23,Wallet Transfer,Entertainment,0
399613AC-974,USR0027,1268.85,2026-03-14 12:19:49,Bangalore,Pixel 7,Wallet Transfer,Dining,0
447CC2CD-9C9,USR0034,14340.7,2026-03-14 12:47:49,Ahmedabad,MacBook Pro,Wallet Transfer,Utilities,0
AD2CBDC7-E6D,USR0033,4620.81,2026-03-14 13:18:49,Hyderabad,MacBook Pro,RTGS,Entertainment,0
1C357F55-C8A,USR0026,10708.55,2026-03-14 14:17:49,Delhi,MacBook Pro,IMPS,Electronics,0
655FD66E-E56,USR0049,3990.92,2026-03-14 15:00:49,Chennai,MacBook Pro,IMPS,Utilities,0
0E282B8C-7AE,USR0033,4183.34,2026-03-14 21:21:49,Hyderabad,iPhone 14,IMPS,Luxury Goods,0
5FFEBBD0-C08,USR0010,4870.08,2026-03-14 22:40:49,Jaipur,OnePlus 11,UPI Transfer,Entertainment,0
47FC4CFE-2E8,USR0001,10185.4,2026-03-14 22:45:49,Jaipur,Windows PC,Card Payment,Electronics,0
1B1FDF4D-194,USR0045,12994.94,2026-03-14 23:01:49,Bangalore,Pixel 7,Card Payment,Utilities,0
F74639F7-04B,USR0031,14330.94,2026-03-14 23:26:49,Hyderabad,Samsung Galaxy S23,NEFT,Entertainment,0
5B5FD50C-01F,USR0014,7112.94,2026-03-14 23:52:49,Surat,iPhone 14,NEFT,Utilities,0
9556A696-43A,USR0044,12950.75,2026-03-15 00:43:49,Mumbai,Samsung Galaxy S23,IMPS,Travel,0
5F547DFA-BC1,USR0024,11803.94,2026-03-15 00:45:49,Bangalore,Windows PC,Card Payment,Travel,0
0809BCBE-5D9,USR0035,13189.35,2026-03-15 00:56:49,Mumbai,iPad Air,Card Payment,Luxury Goods,0
50F63F48-162,USR0047,6706.38,2026-03-15 01:15:49,Chennai,Pixel 7,IMPS,Groceries,0
63812F3E-6DE,USR0005,9994.54,2026-03-15 01:22:49,Kolkata,iPhone 14,NEFT,Luxury Goods,0
8FDD1FE3-76A,USR0043,11462.92,2026-03-15 01:26:49,Delhi,iPhone 14,NEFT,Utilities,0
9FE80FA8-277,USR0013,153233.14,2026-03-15 01:31:49,Ahmedabad,Unknown Device,Wallet Transfer,Unknown Merchant,1
F21AA8DA-DB5,USR0025,14879.67,2026-03-15 01:35:49,Chennai,Samsung Galaxy S23,UPI Transfer,Entertainment,0
4BF417CD-D45,USR0032,39910.31,2026-03-15 02:06:49,Chennai,Jailbroken Device,Card Payment,Electronics,1
30DA5B72-28E,USR0015,3582.48,2026-03-15 03:32:49,Surat,Pixel 7,Wallet Transfer,Luxury Goods,0
D7665B5C-65F,USR0006,12477.32,2026-03-15 03:48:49,Delhi,Samsung Galaxy S23,Wallet Transfer,Entertainment,0
D6F4C567-C3D,USR0036,637.52,2026-03-15 04:02:49,Mumbai,Pixel 7,Wallet Transfer,Electronics,0
DB1ECE55-469,USR0034,4984.92,2026-03-15 04:08:49,Surat,Samsung Galaxy S23,IMPS,Luxury Goods,0
92198658-EE4,USR0034,12730.24,2026-03-15 05:14:49,Mumbai,OnePlus 11,RTGS,Entertainment,0
C920A171-A84,USR0039,4849.36,2026-03-15 05:54:49,Delhi,iPad Air,Card Payment,Utilities,0
52C95F51-8ED,USR0034,1911.74,2026-03-15 06:01:49,Surat,iPhone 14,Wallet Transfer,Groceries,0
46AF1025-C8A,USR0009,1215.57,2026-03-15 06:02:49,Jaipur,OnePlus 11,IMPS,Dining,0
8AAAC08A-623,USR0027,4826.13,2026-03-15 06:19:49,Kolkata,Windows PC,UPI Transfer,Medical,0
745B9C6F-A1A,USR0006,13950.88,2026-03-15 06:37:49,Mumbai,Windows PC,RTGS,Travel,0
069B2249-A3A,USR0034,12338.01,2026-03-15 06:39:49,Ahmedabad,iPhone 14,Wallet Transfer,Medical,0
5F73DF2D-68E,USR0027,11742.81,2026-03-15 07:30:49,Mumbai,MacBook Pro,UPI Transfer,Travel,0
06F0C715-C2E,USR0042,10756.22,2026-03-15 07:31:49,Bangalore,MacBook Pro,RTGS,Entertainment,0
059E8B21-A9E,USR0022,11203.69,2026-03-15 08:55:49,Ahmedabad,MacBook Pro,Card Payment,Utilities,0
ED075BAD-4B5,USR0007,12488.93,2026-03-15 09:14:49,Chennai,Pixel 7,IMPS,Utilities,0
54E2D128-135,USR0035,2710.98,2026-03-15 09:17:49,Jaipur,iPhone 14,NEFT,Travel,0
01027955-53C,USR0007,28524.02,2026-03-15 09:36:49,Unknown,iPad Air,RTGS,Groceries,1
C733AF1C-ED4,USR0045,2635.85,2026-03-15 10:16:49,Hyderabad,OnePlus 11,IMPS,Groceries,0
F3A3FB4E-D12,USR0047,2310.18,2026-03-15 10:25:49,Ahmedabad,iPhone 14,Card Payment,Travel,0
8C48ACBA-A6B,USR0044,5968.37,2026-03-15 10:40:49,Delhi,MacBook Pro,Card Payment,Groceries,0
F6D98102-942,USR0028,2545.97,2026-03-15 11:21:49,Hyderabad,Samsung Galaxy S23,Card Payment,Travel,0
B6513999-DF3,USR0021,8934.81,2026-03-15 12:48:49,Mumbai,Pixel 7,RTGS,Utilities,0
BC02D61F-915,USR0020,3109.79,2026-03-15 12:50:49,Bangalore,iPhone 14,NEFT,Dining,0
EDC005C8-4AB,USR0016,9176.98,2026-03-15 13:45:49,Surat,Windows PC,NEFT,Dining,0
26283A2D-1E7,USR0020,1928.95,2026-03-15 14:15:49,Bangalore,iPhone 14,NEFT,Luxury Goods,0
7AC40C4A-3E2,USR0009,13186.36,2026-03-15 14:19:49,Hyderabad,iPad Air,Wallet Transfer,Medical,0
8B086429-9D1,USR0035,7338.83,2026-03-15 17:32:49,Hyderabad,Emulator,Wallet Transfer,Electronics,1
8F47073D-3FB,USR0047,1585.98,2026-03-15 21:40:49,Pune,iPhone 14,UPI Transfer,Groceries,0
601BF730-94E,USR0002,34990.48,2026-03-15 21:48:49,Bangalore,Unknown Device,UPI Transfer,Entertainment,1
957DA97A-F6F,USR0028,6432.22,2026-03-15 22:21:49,Delhi,iPad Air,Card Payment,Medical,0
859CCF8B-BF3,USR0026,13845.53,2026-03-15 22:44:49,Bangalore,iPad Air,UPI Transfer,Entertainment,0
6C24B08B-D72,USR0013,3553.86,2026-03-16 00:50:49,Chennai,iPad Air,IMPS,Medical,0
E23EABB0-C0C,USR0048,894.7,2026-03-16 01:21:49,Chennai,Samsung Galaxy S23,IMPS,Travel,0
41E4EE18-702,USR0021,724.82,2026-03-16 02:11:49,Hyderabad,Windows PC,Wallet Transfer,Entertainment,0
D14B71A4-30F,USR0010,11179.01,2026-03-16 02:32:49,Jaipur,OnePlus 11,IMPS,Luxury Goods,0
3661E43F-AAB,USR0008,197.11,2026-03-16 02:33:49,Jaipur,Windows PC,Card Payment,Travel,0
6F993AEC-FBE,USR0011,14116.37,2026-03-16 03:09:49,Surat,MacBook Pro,RTGS,Medical,0
772FEC5B-665,USR0030,12296.14,2026-03-16 05:03:49,Hyderabad,Samsung Galaxy S23,RTGS,Entertainment,0
29BB1BFF-3FE,USR0029,9506.28,2026-03-16 08:40:49,Mumbai,Samsung Galaxy S23,IMPS,Electronics,0
6EB5AAB0-086,USR0023,1170.17,2026-03-16 09:27:49,Chennai,MacBook Pro,RTGS,Dining,0
FCD160C9-73C,USR0025,7169.72,2026-03-16 09:47:49,Chennai,Pixel 7,Wallet Transfer,Medical,0
1911F23A-1CA,USR0035,10153.31,2026-03-16 09:57:49,Bangalore,iPhone 14,IMPS,Entertainment,0
58B47FA8-C91,USR0013,11591.93,2026-03-16 10:18:49,Kolkata,iPad Air,RTGS,Luxury Goods,0
213D1557-637,USR0042,417.22,2026-03-16 11:09:49,Mumbai,MacBook Pro,IMPS,Utilities,0
28347D47-638,USR0015,5778.09,2026-03-16 11:37:49,Hyderabad,Pixel 7,Card Payment,Electronics,0
64313C49-A03,USR0004,6236.69,2026-03-16 12:18:49,Kolkata,Pixel 7,NEFT,Groceries,0
6C1AD7F0-0A1,USR0013,30280.64,2026-03-16 13:39:49,VPN-Detected,Windows PC,Card Payment,Medical,1
E50D48A4-568,USR0023,126606.28,2026-03-16 13:56:49,Delhi,iPhone 14,NEFT,Crypto Exchange,1
57BC66BE-B26,USR0042,5126.52,2026-03-16 14:01:49,Bangalore,MacBook Pro,IMPS,Luxury Goods,0
1D238C19-8CD,USR0048,782.12,2026-03-16 14:38:49,Mumbai,Pixel 7,RTGS,Dining,0
3EA7CEEB-1E5,USR0024,1713.73,2026-03-16 14:47:49,Hyderabad,iPad Air,UPI Transfer,Utilities,0
063B0DFB-327,USR0025,497647.99,2026-03-16 16:15:49,Chennai,iPhone 14,Wallet Transfer,Utilities,1
251D1786-2DE,USR0025,221157.79,2026-03-16 18:17:49,Bangalore,iPad Air,NEFT,Dining,1
6236DCF1-045,USR0050,6994.12,2026-03-16 21:09:49,Hyderabad,Windows PC,UPI Transfer,Dining,0
EB6B47FE-38F,USR0042,4672.74,2026-03-16 21:09:49,Kolkata,Pixel 7,IMPS,Travel,0
08B4142F-339,USR0007,99030.16,2026-03-16 21:11:49,Bangalore,Unknown Device,IMPS,Unknown Merchant,1
3F33EA3C-3C6,USR0039,5820.41,2026-03-16 21:31:49,Pune,iPad Air,Wallet Transfer,Electronics,0
BC2A252C-3A0,USR0042,6980.4,2026-03-16 22:00:49,Bangalore,Pixel 7,Card Payment,Groceries,0
8E474626-121,USR0045,8642.71,2026-03-16 22:25:49,Hyderabad,Pixel 7,Card Payment,Entertainment,0
9540292F-08C,USR0010,8457.19,2026-03-16 23:08:49,Hyderabad,Pixel 7,Card Payment,Dining,0
7A683E2C-D7F,USR0028,2275.16,2026-03-17 00:08:49,Chennai,Pixel 7,Wallet Transfer,Electronics,0
9C36BECF-15E,USR0001,11068.36,2026-03-17 00:36:49,Kolkata,Pixel 7,RTGS,Electronics,0
3B1B86B8-0CA,USR0048,13198.25,2026-03-17 02:25:49,Delhi,Pixel 7,NEFT,Groceries,0
588626CD-792,USR0034,8773.41,2026-03-17 03:07:49,Delhi,Samsung Galaxy S23,UPI Transfer,Travel,0
ECF04BCE-BEB,USR0042,285.03,2026-03-17 03:11:49,Hyderabad,iPhone 14,Wallet Transfer,Luxury Goods,0
9516B984-0C0,USR0037,171139.61,2026-03-17 03:29:49,Bangalore,MacBook Pro,IMPS,Groceries,1
616B954A-38C,USR0050,9161.27,2026-03-17 03:36:49,Pune,OnePlus 11,RTGS,Groceries,0
CC6216C5-04B,USR0017,507.44,2026-03-17 03:50:49,Surat,Windows PC,Card Payment,Groceries,0
142CC6CC-5D3,USR0009,6338.03,2026-03-17 04:26:49,Ahmedabad,iPad Air,Wallet Transfer,Luxury Goods,0
19BB6B88-860,USR0049,11816.06,2026-03-17 04:27:49,Pune,Windows PC,Wallet Transfer,Dining,0
3D3944CE-29E,USR0007,5290.31,2026-03-17 04:48:49,Jaipur,Pixel 7,NEFT,Luxury Goods,0
282B76A9-750,USR0004,12435.48,2026-03-17 07:11:49,Hyderabad,Pixel 7,RTGS,Dining,0
EDA678C8-CCC,USR0006,3434.71,2026-03-17 07:57:49,Surat,Pixel 7,Wallet Transfer,Electronics,0
51BFE847-F55,USR0039,14628.97,2026-03-17 08:23:49,Kolkata,Windows PC,IMPS,Groceries,0
FCACD9D0-474,USR0005,9670.16,2026-03-17 08:29:49,Jaipur,Samsung Galaxy S23,UPI Transfer,Dining,0
91A7EBE4-337,USR0004,6420.91,2026-03-17 08:43:49,Chennai,iPhone 14,UPI Transfer,Electronics,0
3DE98059-0EC,USR0025,2165.29,2026-03-17 10:08:49,Ahmedabad,OnePlus 11,IMPS,Medical,0
D91E51DE-73E,USR0004,14096.94,2026-03-17 10:10:49,Pune,OnePlus 11,NEFT,Utilities,0
B79226E5-8D1,USR0029,8583.2,2026-03-17 10:16:49,Bangalore,iPad Air,NEFT,Utilities,0
DA691D55-440,USR0038,3851.04,2026-03-17 11:02:49,Pune,iPad Air,IMPS,Luxury Goods,0
7341131D-742,USR0023,13629.1,2026-03-17 11:28:49,Pune,iPhone 14,IMPS,Dining,0
641A77A1-7F5,USR0028,14525.48,2026-03-17 11:38:49,Kolkata,MacBook Pro,UPI Transfer,Groceries,0
FCBF7B99-D62,USR0035,95474.3,2026-03-17 12:47:49,Kolkata,iPad Air,Wallet Transfer,Utilities,1
7D9EFB3C-468,USR0041,2183.99,2026-03-17 13:33:49,Jaipur,Windows PC,Card Payment,Groceries,0
134939F5-59A,USR0009,9707.97,2026-03-17 13:39:49,Pune,MacBook Pro,Wallet Transfer,Entertainment,0
2C468DC2-96D,USR0012,47399.58,2026-03-17 13:57:49,Foreign-IP,iPhone 14,IMPS,Groceries,1
CB103E7A-0CF,USR0023,16929.53,2026-03-17 17:54:49,Foreign-IP,Samsung Galaxy S23,Card Payment,Dining,1
B36783F6-240,USR0043,301280.2,2026-03-17 20:36:49,Kolkata,OnePlus 11,Card Payment,Travel,1
1D17C539-63D,USR0021,186623.91,2026-03-17 21:03:49,Hyderabad,Samsung Galaxy S23,UPI Transfer,Electronics,1
6048D8FF-E4E,USR0026,8385.3,2026-03-17 21:27:49,Jaipur,Pixel 7,Wallet Transfer,Luxury Goods,0
958283BA-944,USR0026,9845.96,2026-03-17 21:32:49,Bangalore,Pixel 7,Card Payment,Dining,0
586515A8-E2A,USR0011,1597.68,2026-03-17 21:40:49,Chennai,iPhone 14,Wallet Transfer,Utilities,0
B77E0A55-C04,USR0002,8215.17,2026-03-17 22:08:49,Delhi,iPad Air,Card Payment,Travel,0
027D4B31-E32,USR0049,3800.31,2026-03-17 22:10:49,Delhi,MacBook Pro,NEFT,Groceries,0
00FC293C-E88,USR0028,51117.18,2026-03-17 22:49:49,VPN-Detected,Windows PC,Card Payment,Travel,1
96E09280-47B,USR0020,4258.48,2026-03-17 23:05:49,Surat,Windows PC,Card Payment,Groceries,0
09C5C5ED-70D,USR0037,13961.07,2026-03-17 23:38:49,Delhi,iPhone 14,UPI Transfer,Travel,0
305A05E0-075,USR0019,7376.66,2026-03-18 00:05:49,Mumbai,Windows PC,IMPS,Groceries,0
6058F9E2-B8A,USR0030,8301.93,2026-03-18 00:09:49,Chennai,Samsung Galaxy S23,IMPS,Entertainment,0
DF6AD5A7-BA4,USR0020,11169.38,2026-03-18 00:36:49,Ahmedabad,Samsung Galaxy S23,UPI Transfer,Medical,0
4863CAA9-B78,USR0027,14887.49,2026-03-18 01:22:49,Pune,Windows PC,UPI Transfer,Dining,0
B45208FB-26C,USR0002,9857.55,2026-03-18 01:26:49,Delhi,MacBook Pro,NEFT,Entertainment,0
38481646-E00,USR0029,6795.0,2026-03-18 01:42:49,Surat,iPhone 14,UPI Transfer,Dining,0
9D53BD53-4C0,USR0020,8264.35,2026-03-18 02:03:49,Kolkata,Windows PC,RTGS,Luxury Goods,0
E364B54F-8D6,USR0032,7501.22,2026-03-18 02:48:49,Bangalore,Samsung Galaxy S23,RTGS,Electronics,0
0CD68BFD-8C7,USR0013,12430.88,2026-03-18 03:38:49,Jaipur,MacBook Pro,IMPS,Travel,0
C1D406F2-E2F,USR0007,145958.17,2026-03-18 04:37:49,Mumbai,iPad Air,NEFT,Unknown Merchant,1
4E12ED0F-39E,USR0036,9742.3,2026-03-18 04:44:49,Hyderabad,OnePlus 11,UPI Transfer,Electronics,0
49FD447E-B66,USR0010,349.12,2026-03-18 04:51:49,Kolkata,iPad Air,Wallet Transfer,Travel,0
BEE0A1C0-3FB,USR0049,297078.55,2026-03-18 04:58:49,Jaipur,iPhone 14,Wallet Transfer,Groceries,1
A659E99C-562,USR0030,14584.02,2026-03-18 06:43:49,Mumbai,iPhone 14,Card Payment,Entertainment,0
8508B5CF-8EF,USR0010,3361.67,2026-03-18 06:55:49,Ahmedabad,Samsung Galaxy S23,Wallet Transfer,Entertainment,0
8CC229A9-A7C,USR0039,13810.32,2026-03-18 07:57:49,Bangalore,Samsung Galaxy S23,Card Payment,Electronics,0
569999F2-C78,USR0022,10668.7,2026-03-18 07:59:49,Surat,OnePlus 11,IMPS,Groceries,0
4A2BF0FC-3FC,USR0019,4895.5,2026-03-18 08:03:49,Pune,MacBook Pro,Wallet Transfer,Dining,0
D4AD8EC1-F2A,USR0016,3471.95,2026-03-18 08:06:49,Chennai,Samsung Galaxy S23,Card Payment,Electronics,0
B07E3FE6-CD6,USR0001,10681.34,2026-03-18 08:21:49,Jaipur,Pixel 7,RTGS,Luxury Goods,0
9FA811CD-1FD,USR0023,14606.34,2026-03-18 08:24:49,Hyderabad,MacBook Pro,Card Payment,Groceries,0
2F600D3E-445,USR0027,516.76,2026-03-18 10:11:49,Ahmedabad,iPhone 14,Wallet Transfer,Utilities,0
4598A55B-55C,USR0043,7161.0,2026-03-18 10:14:49,Delhi,OnePlus 11,RTGS,Travel,0
48E85003-BC0,USR0048,11389.13,2026-03-18 10:20:49,Bangalore,OnePlus 11,NEFT,Electronics,0
E2982C60-5D0,USR0026,13630.41,2026-03-18 10:44:49,Hyderabad,iPad Air,NEFT,Groceries,0
713CFE85-B2C,USR0002,381371.86,2026-03-18 11:14:49,Hyderabad,iPad Air,IMPS,Entertainment,1
758A2951-003,USR0047,11899.53,2026-03-18 11:23:49,Kolkata,Pixel 7,NEFT,Utilities,0
EB4DB763-96E,USR0028,9095.27,2026-03-18 12:12:49,Chennai,iPad Air,NEFT,Luxury Goods,0
153682D3-562,USR0047,6930.45,2026-03-18 13:38:49,Delhi,MacBook Pro,IMPS,Groceries,0
FB13AFE0-7D4,USR0025,5044.71,2026-03-18 13:59:49,VPN-Detected,Pixel 7,RTGS,Electronics,1
B78F0B1C-639,USR0013,12580.76,2026-03-18 14:44:49,Mumbai,OnePlus 11,RTGS,Groceries,0
974216EE-4AE,USR0049,414108.88,2026-03-18 17:02:49,Surat,iPhone 14,RTGS,Travel,1
7298C5A3-315,USR0001,293174.07,2026-03-18 17:19:49,Bangalore,Pixel 7,Wallet Transfer,Electronics,1
0C44C387-001,USR0037,346306.75,2026-03-18 17:41:49,Bangalore,MacBook Pro,Wallet Transfer,Luxury Goods,1
EB4D97DF-D10,USR0032,482840.54,2026-03-18 20:33:49,Delhi,MacBook Pro,IMPS,Luxury Goods,1
8EEF44C1-2E7,USR0014,42552.62,2026-03-18 20:34:49,Hyderabad,Jailbroken Device,RTGS,Luxury Goods,1
FEE23237-56A,USR0009,7196.03,2026-03-18 21:21:49,Chennai,Samsung Galaxy S23,IMPS,Medical,0
40EFA891-698,USR0032,6611.56,2026-03-18 21:23:49,Pune,iPhone 14,Wallet Transfer,Medical,0
C575A1CC-857,USR0010,1805.25,2026-03-18 22:16:49,Mumbai,Samsung Galaxy S23,RTGS,Luxury Goods,0
A79DC56D-14A,USR0045,13261.46,2026-03-18 22:18:49,Mumbai,iPhone 14,UPI Transfer,Entertainment,0
4675E16B-4D0,USR0046,11617.58,2026-03-19 01:14:49,Hyderabad,MacBook Pro,NEFT,Electronics,0
5ACDFFE4-2F9,USR0013,1894.87,2026-03-19 01:16:49,Pune,iPhone 14,IMPS,Dining,0
A4513A63-A81,USR0037,14155.97,2026-03-19 01:21:49,Mumbai,Windows PC,RTGS,Medical,0
7FE8C0C9-14F,USR0001,46595.08,2026-03-19 01:51:49,Kolkata,Pixel 7,UPI Transfer,Unknown Merchant,1
6C44CC6A-A69,USR0012,8365.35,2026-03-19 02:02:49,Kolkata,iPhone 14,UPI Transfer,Travel,0
34ECF40C-75E,USR0034,6571.35,2026-03-19 03:02:49,Ahmedabad,iPad Air,Wallet Transfer,Dining,0
17A63481-520,USR0029,833.29,2026-03-19 03:26:49,Ahmedabad,Windows PC,NEFT,Dining,0
E6D654CE-C59,USR0024,6194.6,2026-03-19 06:27:49,Surat,OnePlus 11,NEFT,Luxury Goods,0
6DDB8BAF-5F5,USR0032,12590.91,2026-03-19 09:00:49,Pune,iPhone 14,Card Payment,Groceries,0
59E75A0E-2AB,USR0039,1900.91,2026-03-19 10:09:49,Surat,MacBook Pro,UPI Transfer,Travel,0
513B00CB-381,USR0021,2439.83,2026-03-19 10:27:49,Delhi,Samsung Galaxy S23,Wallet Transfer,Utilities,0
A84A53A7-A35,USR0037,47423.13,2026-03-19 10:55:49,Ahmedabad,Jailbroken Device,Wallet Transfer,Luxury Goods,1
A6FAF558-813,USR0040,5400.59,2026-03-19 12:05:49,Surat,Windows PC,IMPS,Entertainment,0
9AE0A9F6-D2B,USR0048,2604.68,2026-03-19 12:15:49,Hyderabad,Samsung Galaxy S23,UPI Transfer,Travel,0
6B0804FE-456,USR0017,5121.32,2026-03-19 12:24:49,Ahmedabad,MacBook Pro,NEFT,Travel,0
39019105-B20,USR0007,252771.34,2026-03-19 12:51:49,Jaipur,Samsung Galaxy S23,Wallet Transfer,Luxury Goods,1
0183CED5-CBB,USR0016,10553.83,2026-03-19 12:55:49,Pune,Windows PC,UPI Transfer,Electronics,0
DB086C25-249,USR0029,11722.31,2026-03-19 13:14:49,Hyderabad,iPhone 14,IMPS,Utilities,0
8C107ECE-171,USR0037,800.23,2026-03-19 13:35:49,Jaipur,MacBook Pro,Wallet Transfer,Dining,0
B4277F5A-2BD,USR0022,2760.27,2026-03-19 14:17:49,Mumbai,Samsung Galaxy S23,IMPS,Electronics,0
2CE4CA67-76A,USR0045,1550.06,2026-03-19 14:27:49,Kolkata,Pixel 7,Wallet Transfer,Groceries,0
467217BC-15C,USR0014,5016.64,2026-03-19 15:33:49,Hyderabad,Emulator,NEFT,Entertainment,1
1E4E6A8D-844,USR0014,29124.12,2026-03-19 18:26:49,VPN-Detected,Windows PC,Wallet Transfer,Luxury Goods,1
08A9541B-B5B,USR0025,33591.0,2026-03-19 18:45:49,VPN-Detected,iPhone 14,UPI Transfer,Utilities,1
440C4986-F34,USR0024,65091.9,2026-03-19 19:22:49,Unknown,OnePlus 11,Card Payment,Luxury Goods,1
91BE973F-1B8,USR0032,323172.28,2026-03-19 20:17:49,Delhi,iPhone 14,NEFT,Electronics,1
00B4AB23-190,USR0010,8936.42,2026-03-19 21:39:49,Ahmedabad,Windows PC,IMPS,Luxury Goods,0
38150707-8EA,USR0001,2685.69,2026-03-19 21:45:49,Jaipur,OnePlus 11,RTGS,Luxury Goods,0
D5201D9B-AE6,USR0035,11871.24,2026-03-19 22:22:49,Delhi,Samsung Galaxy S23,Card Payment,Electronics,0
B82C3FA5-B08,USR0037,14717.74,2026-03-19 22:24:49,Pune,iPad Air,RTGS,Electronics,0
212DE2DD-BC8,USR0002,981.28,2026-03-19 22:37:49,Kolkata,iPhone 14,NEFT,Groceries,0
494A7BF1-AB7,USR0004,11291.88,2026-03-19 22:40:49,Jaipur,Samsung Galaxy S23,UPI Transfer,Utilities,0
3259C25F-568,USR0020,43414.01,2026-03-19 22:47:49,Ahmedabad,Jailbroken Device,UPI Transfer,Unknown Merchant,1
72384B45-1A1,USR0034,102487.41,2026-03-19 22:59:49,Ahmedabad,Unknown Device,IMPS,Unknown Merchant,1
59E13D9A-520,USR0039,8143.46,2026-03-19 22:59:49,Hyderabad,iPhone 14,Card Payment,Groceries,0
FDA30D46-F26,USR0009,14659.96,2026-03-19 23:22:49,Pune,Pixel 7,NEFT,Travel,0
C0D3DAFB-E23,USR0019,3350.23,2026-03-20 01:15:49,Hyderabad,OnePlus 11,RTGS,Groceries,0
B2F92DD7-98E,USR0049,51802.33,2026-03-20 02:06:49,VPN-Detected,Windows PC,NEFT,Travel,1
52792544-C5E,USR0007,20958.37,2026-03-20 02:34:49,VPN-Detected,iPhone 14,Card Payment,Unknown Merchant,1
2962907C-17D,USR0015,3603.85,2026-03-20 02:51:49,Kolkata,MacBook Pro,Wallet Transfer,Groceries,0
2951D3DC-452,USR0034,10496.8,2026-03-20 05:22:49,Jaipur,iPhone 14,UPI Transfer,Medical,0
C7B6DA7E-49F,USR0028,57318.57,2026-03-20 06:03:49,Foreign-IP,OnePlus 11,RTGS,Groceries,1
810B8A77-94A,USR0020,12303.87,2026-03-20 06:34:49,Delhi,OnePlus 11,Card Payment,Luxury Goods,0
1B00A27F-88E,USR0010,12281.68,2026-03-20 06:41:49,Kolkata,iPhone 14,IMPS,Luxury Goods,0
761B99A8-314,USR0034,8058.13,2026-03-20 06:44:49,Bangalore,iPad Air,Card Payment,Medical,0
E6628EB4-00B,USR0037,5275.45,2026-03-20 07:08:49,Bangalore,iPhone 14,IMPS,Entertainment,0
4D4669FE-4DB,USR0043,8080.84,2026-03-20 07:34:49,Pune,Samsung Galaxy S23,Card Payment,Luxury Goods,0
167D4172-1EA,USR0002,28899.23,2026-03-20 09:54:49,Hyderabad,Emulator,IMPS,Entertainment,1
7ACDD9AD-F7D,USR0001,331.4,2026-03-20 10:04:49,Bangalore,Pixel 7,IMPS,Medical,0
31F6A0AC-720,USR0037,11367.4,2026-03-20 10:45:49,Kolkata,Pixel 7,IMPS,Dining,0
11FC7D45-3F1,USR0012,2584.89,2026-03-20 11:02:49,Pune,MacBook Pro,Wallet Transfer,Luxury Goods,0
E2D27C8C-90D,USR0042,10534.72,2026-03-20 11:24:49,Chennai,Windows PC,Wallet Transfer,Travel,0
978DF4FA-C74,USR0049,13870.0,2026-03-20 11:43:49,Delhi,iPad Air,Card Payment,Groceries,0
4584BF48-B4B,USR0024,13280.32,2026-03-20 11:49:49,Bangalore,MacBook Pro,Card Payment,Dining,0
685DD20B-DFC,USR0020,56670.42,2026-03-20 11:53:49,Ahmedabad,iPad Air,IMPS,Unknown Merchant,1
D66BC8CC-C41,USR0037,6994.16,2026-03-20 12:31:49,Mumbai,OnePlus 11,UPI Transfer,Entertainment,0
BC69D50B-F0F,USR0020,14277.26,2026-03-20 13:14:49,Surat,Pixel 7,NEFT,Travel,0
0D596764-A17,USR0049,7528.96,2026-03-20 13:25:49,Ahmedabad,Samsung Galaxy S23,IMPS,Medical,0
6BC81E11-919,USR0023,7744.37,2026-03-20 13:26:49,Bangalore,OnePlus 11,NEFT,Medical,0
9FABE09F-07E,USR0046,10858.99,2026-03-20 14:18:49,Pune,iPad Air,IMPS,Medical,0
D6FC7666-DBB,USR0028,228361.53,2026-03-20 14:19:49,Hyderabad,Pixel 7,Card Payment,Entertainment,1
84016352-7E0,USR0034,469545.38,2026-03-20 16:23:49,Kolkata,Samsung Galaxy S23,IMPS,Travel,1
5B52EC2F-B49,USR0009,12013.87,2026-03-20 21:19:49,Chennai,iPhone 14,NEFT,Entertainment,0
6EA2C338-A7B,USR0041,3370.94,2026-03-20 22:15:49,Hyderabad,Windows PC,NEFT,Utilities,0
E7AE49E4-2E8,USR0004,4767.86,2026-03-20 22:26:49,Delhi,Pixel 7,NEFT,Groceries,0
E649D8F7-5F2,USR0009,13679.29,2026-03-21 00:05:49,Kolkata,Pixel 7,NEFT,Entertainment,0
00B61BEA-64A,USR0019,10624.2,2026-03-21 00:47:49,Delhi,Windows PC,Card Payment,Luxury Goods,0
12508053-B8A,USR0018,13113.4,2026-03-21 01:19:49,Mumbai,OnePlus 11,NEFT,Dining,0
BAB8F50E-CEA,USR0046,10087.4,2026-03-21 01:22:49,Ahmedabad,Windows PC,Card Payment,Electronics,0
5805617C-2FE,USR0032,10245.75,2026-03-21 01:31:49,Jaipur,MacBook Pro,Wallet Transfer,Travel,0
94045AD4-72D,USR0034,6401.88,2026-03-21 03:58:49,Pune,MacBook Pro,RTGS,Entertainment,0
C9EF8472-485,USR0025,189795.08,2026-03-21 04:02:49,Bangalore,Samsung Galaxy S23,UPI Transfer,Utilities,1
EF3B1412-2D2,USR0001,3477.46,2026-03-21 04:03:49,Pune,Samsung Galaxy S23,IMPS,Entertainment,0
82726631-C56,USR0025,329509.09,2026-03-21 04:05:49,Chennai,Windows PC,UPI Transfer,Dining,1
41A92C90-C7C,USR0025,496006.79,2026-03-21 04:05:49,Bangalore,Pixel 7,UPI Transfer,Groceries,1
A542CACF-0AC,USR0025,269785.74,2026-03-21 04:06:49,Delhi,Samsung Galaxy S23,RTGS,Luxury Goods,1
6E468567-363,USR0018,1866.96,2026-03-21 04:08:49,Kolkata,iPhone 14,Wallet Transfer,Dining,0
3198CB96-221,USR0025,240827.13,2026-03-21 04:11:49,Bangalore,Windows PC,NEFT,Entertainment,1
A1E9853D-B09,USR0025,250738.35,2026-03-21 04:12:49,Chennai,Samsung Galaxy S23,RTGS,Travel,1
C9DFD226-FED,USR0005,2550.78,2026-03-21 04:14:49,Chennai,iPhone 14,RTGS,Electronics,0
03F6D937-8EF,USR0015,14021.52,2026-03-21 05:32:49,Chennai,MacBook Pro,NEFT,Entertainment,0
B90BD9EF-AD0,USR0014,14003.36,2026-03-21 07:01:49,Jaipur,Pixel 7,UPI Transfer,Luxury Goods,0
832E0A95-137,USR0034,8119.32,2026-03-21 08:40:49,Hyderabad,OnePlus 11,UPI Transfer,Groceries,0
BE6D6E15-2AD,USR0043,22008.67,2026-03-21 08:44:49,VPN-Detected,Pixel 7,RTGS,Medical,1
07729045-FB3,USR0009,12690.64,2026-03-21 09:08:49,Chennai,iPad Air,Wallet Transfer,Electronics,0
6A309AE4-CCB,USR0013,1708.18,2026-03-21 09:42:49,Chennai,OnePlus 11,RTGS,Luxury Goods,0
B2E42972-C4D,USR0015,13274.94,2026-03-21 09:45:49,Delhi,Windows PC,NEFT,Electronics,0
7DF0D8A8-0E4,USR0028,98193.75,2026-03-21 10:35:49,Delhi,iPhone 14,RTGS,Groceries,1
FF6C6BEC-CC9,USR0021,43261.67,2026-03-21 12:14:49,Delhi,Unknown Device,IMPS,Unknown Merchant,1
7462CEB2-232,USR0045,4274.12,2026-03-21 12:17:49,Surat,iPad Air,Card Payment,Groceries,0
1D8BE2A3-0B9,USR0032,11422.65,2026-03-21 12:22:49,Hyderabad,iPhone 14,NEFT,Utilities,0
44301228-C0E,USR0039,189362.11,2026-03-21 12:37:49,Jaipur,Samsung Galaxy S23,Card Payment,Unknown Merchant,1
0F44055C-829,USR0028,12870.79,2026-03-21 12:44:49,Delhi,OnePlus 11,Card Payment,Entertainment,0
8F59096B-6E6,USR0020,188652.41,2026-03-21 13:02:49,Chennai,iPhone 14,Wallet Transfer,Travel,1
6B983483-BBF,USR0020,352890.63,2026-03-21 13:03:49,Kolkata,iPad Air,UPI Transfer,Medical,1
9E381E37-F26,USR0035,5127.11,2026-03-21 13:04:49,Mumbai,iPhone 14,Card Payment,Electronics,0
A3C7665B-A18,USR0020,473273.32,2026-03-21 13:06:49,Chennai,Windows PC,IMPS,Utilities,1
031215CC-BFC,USR0020,311784.34,2026-03-21 13:09:49,Jaipur,Pixel 7,IMPS,Medical,1
22D34AE8-D99,USR0020,430797.25,2026-03-21 13:10:49,Hyderabad,Samsung Galaxy S23,NEFT,Luxury Goods,1
105DB7AF-02B,USR0020,155658.51,2026-03-21 13:11:49,Mumbai,Windows PC,NEFT,Luxury Goods,1
E555D219-A93,USR0020,200307.22,2026-03-21 13:12:49,Bangalore,OnePlus 11,RTGS,Entertainment,1
EFECA6FE-36C,USR0019,3744.75,2026-03-21 14:34:49,Mumbai,Windows PC,RTGS,Utilities,0
D2D36CDF-173,USR0002,95808.23,2026-03-21 15:01:49,Delhi,iPhone 14,NEFT,Utilities,1
